,french,english
0,je,I
1,de,of
2,est,East
3,pas,not
4,le,THE
5,vous,YOU
6,la,there
7,tu,you
8,que,that
9,un,A
10,il,he
11,et,And
12,à,has
13,a,has
14,ne,born
15,les,THE
16,ce,This
17,en,in
18,on,we
19,ça,That
20,une,a
21,ai,have
22,pour,For
23,des,of the
24,moi,Me
25,qui,Who
26,nous,We
27,y,y
28,mais,but
29,me,me
30,dans,In
31,du,of
32,bien,GOOD
33,elle,She
34,si,if
35,tout,All
36,plus,more
37,non,No
38,mon,My
39,suis,am
40,te,you
41,au,At
42,avec,with
43,va,go
44,oui,Yes
45,toi,You
46,fait,do
47,ils,they
48,as,ace
49,être,be
50,faire,TO DO
51,se,se
52,comme,as
53,était,was
54,sur,on
55,quoi,What
56,ici,here
57,sais,know
58,lui,him
59,veux,want
60,ma,my
61,là,there
62,rien,Nothing
63,dit,said
64,es,are
65,où,Or
66,votre,your
67,pourquoi,Why
68,sont,are
69,cette,this
70,quand,When
71,par,by
72,son,her
73,ton,your
74,peux,can
75,vais,go
76,dire,say
77,alors,SO
78,comment,how
79,avez,have
80,bon,Good
81,ou,Or
82,très,very
83,merci,THANKS
84,ont,have
85,même,even
86,jamais,Never
87,aussi,Also
88,voir,see
89,chose,thing
90,allez,Go on
91,tous,all
92,deux,two
93,ces,these
94,faut,must
95,sa,her
96,êtes,are
97,été,summer
98,ta,your
99,fais,do 
100,avoir,to have
101,peut,can
102,autre,other
103,m,m
104,encore,Again
105,maintenant,NOW
106,peu,little
107,mes,my
108,vraiment,Really
109,temps,time
110,notre,OUR
111,toujours,always
112,vie,life
113,sans,without
114,juste,just
115,oh,Oh
116,avait,had
117,accord,agreement
118,vu,seen
119,monde,world
120,quelque,some
121,fois,times
122,aller,go
123,trop,too much
124,viens,come
125,crois,believe
126,dieu,God
127,dois,have to
128,homme,man
129,père,father
130,sûr,on
131,aux,to
132,leur,their
133,avant,Before
134,étais,was
135,besoin,need
136,femme,women
137,aime,love
138,personne,person
139,avais,had
140,chez,at the house of
141,vrai,TRUE
142,ans,years
143,mal,wrong
144,ses,his
145,parler,talk
146,vos,your
147,après,After
148,mort,dead
149,veut,wanna
150,eu,had
151,sera,will be
152,bonne,Good
153,parce,because
154,mieux,better
155,petit,little
156,voilà,There
157,tes,your 
158,ca,That
159,dis,say
160,beaucoup,a lot
161,depuis,Since
162,doit,must
163,vois,see 
164,mère,mother
165,vas,go
166,monsieur,Sir
167,quel,what
168,déjà,Already
169,fille,girl
170,gens,people
171,donc,SO
172,jour,day
173,soir,evening
174,autres,others
175,toute,all
176,bonjour,Good morning
177,maison,House
178,nom,name
179,argent,money
180,nos,our
181,ouais,Yeah
182,pense,think
183,merde,shit
184,nuit,night
185,papa,dad
186,cela,that
187,salut,Hi
188,cet,this
189,avons,have
190,reste,stay
191,désolé,Sorry
192,maman,Mom
193,peur,fear
194,arrive,arrived
195,seul,alone
196,vite,quickly
197,prendre,take
198,regarde,look at
199,air,air
200,soit,either
201,trois,three
202,quelle,what
203,passé,pass
204,savoir,know
205,plaît,please
206,choses,things
207,moins,less
208,fils,son
209,entre,between
210,bas,down
211,appelle,calls
212,passe,pass
213,ah,oh
214,tête,head
215,demain,tomorrow
216,grand,big
217,arrête,stopped
218,faites,do
219,voulez,want
220,hé,Hey
221,attends,hold on
222,hein,eh
223,enfants,children
224,assez,enough
225,raison,reason
226,aurais,would have
227,voulais,wanted
228,elles,they
229,parle,speak
230,ok,OK
231,jours,days
232,dû,of
233,moment,moment
234,heure,hour
235,puis,Then
236,gars,guys
237,hommes,men
238,amour,love
239,tard,late
240,toutes,all
241,sommes,are
242,tuer,kill
243,eh,eh
244,ami,friend
245,connais,know
246,petite,small
247,aider,help
248,chance,chance
249,savez,know
250,partir,leave
251,sait,knows
252,combien,How much
253,voiture,car
254,tant,so much
255,pris,taken
256,part,go
257,problème,issue
258,prends,take
259,porte,door
260,coup,cut
261,serait,would be
262,venir,come
263,famille,family
264,travail,work
265,pu,could
266,seule,alone
267,sens,sense
268,ni,neither
269,allons,let's go
270,revoir,goodbye
271,idée,idea
272,putain,whore
273,passer,pass
274,contre,against
275,comprends,understand
276,entendu,heard
277,trouvé,find
278,trouver,find
279,vieux,old
280,vient,come
281,pendant,during
282,aurait,would have
283,quelques,a few
284,attention,attention
285,demande,request
286,chercher,seek
287,sous,below
288,voici,here is
289,pourrait,could
290,sang,blood
291,pouvez,can
292,sortir,to go out
293,question,question
294,histoire,history
295,amis,friends
296,venez,come
297,frère,brother
298,rester,stay
299,fini,finished
300,ville,city
301,nouveau,new
302,truc,thing
303,tiens,hold
304,mois,month
305,eux,them
306,mec,dude
307,yeux,eyes
308,laisse,leave alone
309,super,great
310,belle,beautiful
311,longtemps,a long time
312,police,police
313,eau,water
314,heures,hours
315,car,because
316,importe,imported
317,cas,case
318,vont,are going
319,chaque,each
320,terre,earth
321,place,place
322,tué,kill
323,type,kind
324,main,hand
325,pardon,pardon
326,ensemble,together
327,seulement,only
328,guerre,war
329,beau,beautiful
330,vers,towards
331,prie,pray
332,devant,in front
333,trouve,find
334,partie,part
335,suite,following
336,compris,Understood
337,matin,Morning
338,leurs,their
339,aucun,none
340,arrivé,arrived
341,dessus,above
342,chérie,Dear
343,mettre,put
344,aide,help
345,étaient,were
346,perdu,lost
347,fin,END
348,sois,be
349,premier,first
350,genre,gender
351,aimerais,would like to
352,droit,right
353,donne,given
354,attendez,wait
355,jeune,young
356,feu,fire
357,devrais,should
358,enfant,child
359,chambre,bedroom
360,gros,fat
361,côté,side
362,venu,came
363,loin,far
364,laisser,to leave 
365,donner,give
366,jouer,play
367,savais,knew
368,compte,account
369,s,s
370,parlé,speak
371,minutes,minutes
372,regardez,look
373,train,train
374,première,first
375,pouvoir,power
376,aura,will have
377,mourir,die
378,dernière,last
379,donné,given
380,mari,husband
381,écoute,listen
382,enfin,Finally
383,devrait,should
384,mis,put
385,film,movie
386,aucune,none
387,fort,strong
388,façon,way
389,pays,country
390,prêt,ready
391,madame,Mrs
392,femmes,women
393,affaire,affair
394,pourrais,could
395,espère,hope
396,parti,left
397,h,h
398,boulot,job
399,endroit,place
400,fou,mad
401,corps,body
402,hier,yesterday
403,dont,of which
404,désolée,Sorry
405,grande,big
406,point,point
407,cinq,five
408,dehors,out
409,filles,girls
410,cause,cause
411,vivre,live
412,près,close
413,pensais,thought
414,garçon,boy
415,chef,chief
416,haut,high
417,capitaine,captain
418,dirait,would say
419,bébé,baby
420,celui,the one
421,demandé,request
422,possible,possible
423,mains,hands
424,ainsi,Thus
425,quatre,four
426,nouvelle,new
427,années,years
428,plein,full
429,semaine,week
430,dites,say
431,croire,believe
432,marche,walk
433,tour,round
434,école,school
435,manger,eat
436,plutôt,instead
437,docteur,doctor
438,ceux,those
439,vérité,truth
440,vue,view
441,arrêter,Stop
442,essaie,try
443,envie,envy
444,bientôt,Soon
445,instant,moment
446,dernier,last
447,affaires,business
448,arriver,arrive
449,demander,ask
450,meilleur,best
451,font,make
452,derrière,behind
453,c,vs
454,dollars,dollars
455,presque,almost
456,dr,Dr.
457,tellement,such
458,tomber,to fall
459,journée,daytime
460,voulait,wanted to
461,appeler,to call
462,bureau,desk
463,confiance,trust
464,garde,guard
465,attendre,to wait for
466,numéro,number
467,serai,will be
468,dur,hard
469,á,has
470,souviens,remember
471,o,o
472,voyez,see
473,cours,course
474,bonsoir,Good evening
475,route,road
476,fera,will do
477,prend,takes
478,cul,ass
479,abord,on board
480,important,important
481,peine,penalty
482,croyais,believed
483,mot,word
484,devez,must
485,suffit,enough
486,minute,minute
487,ferme,farm
488,ben,well
489,plaisir,pleasure
490,chien,dog
491,jeu,game
492,seigneur,lord
493,messieurs,gentlemen
494,calme,calm
495,voudrais,would like
496,heureux,happy
497,prenez,take
498,mariage,marriage
499,voit,see
500,parents,parents
501,lls,they
502,dedans,inside
503,entrer,enter
504,lit,bed
505,parfait,Perfect
506,fous,crazy
507,mlle,Miss
508,rentrer,to return
509,ait,have
510,musique,music
511,arrêtez,stop
512,autant,as much
513,service,service
514,reviens,come back
515,ceci,this
516,drôle,funny
517,attend,waits
518,parfois,Sometimes
519,téléphone,phone
520,retour,back
521,ira,will go
522,e,e
523,pauvre,poor
524,verre,glass
525,général,general
526,new,new
527,six,six
528,pensé,think
529,l,L
530,impossible,impossible
531,fête,party
532,adore,love
533,coeur,heart
534,aimes,love
535,ci,this
536,ferai,will do
537,président,president
538,doute,doubt
539,facile,easy
540,entends,hear
541,payer,pay
542,appelé,called
543,prison,prison
544,john,john
545,sors,go outside
546,café,coffee
547,vaut,worth
548,mauvais,bad
549,chéri,Dear
550,oublié,forget
551,bras,arm
552,i,i
553,gentil,kind
554,faute,mistake
555,équipe,team
556,exactement,Exactly
557,cœur,heart
558,penser,think
559,changer,to change
560,commence,begin
561,lieu,place
562,entendre,hear
563,ies,ies
564,roi,king
565,plan,plan
566,partout,everywhere
567,joue,plays
568,cher,Dear
569,morts,dead
570,rendre,give back
571,écrit,writing
572,travailler,to work
573,malade,sick
574,sinon,Otherwise
575,génial,awesome
576,regarder,look
577,veulent,want
578,montrer,to show
579,rentre,go home
580,travaille,work
581,armée,army
582,voulu,desired
583,cherche,look for
584,état,state
585,boire,drink
586,sécurité,security
587,dès,of the
588,esprit,spirit
589,année,year
590,dix,ten
591,york,york
592,laissé,leave alone
593,bois,drink
594,mets,put
595,propre,own
596,soyez,be
597,jack,jack
598,essayer,to try
599,faisait,did
600,tôt,early
601,surtout,Above all
602,arme,armed
603,t,t
604,rêve,dream
605,perdre,lose
606,avis,notice
607,semble,seems
608,pire,worse 
609,simple,simple
610,penses,think
611,parles,speak
612,paix,peace
613,livre,book
614,dormir,sleep
615,voyons,let's see
616,difficile,difficult
617,retard,delay
618,allait,was going to
619,d,d
620,sujet,subject
621,appris,learned
622,ensuite,Next
623,sauf,except
624,maître,master
625,morte,dead
626,noir,black
627,or,gold
628,dîner,dinner
629,choix,choice
630,serais,would be
631,écoute,listen
632,sale,dirty
633,étiez,were
634,sûrement,certainly
635,an,year
636,ordre,order
637,souvent,often
638,essayé,try
639,peuvent,can
640,visage,face
641,bout,end 
642,changé,exchange
643,sérieux,serious
644,inquiète,worry
645,âge,age
646,photo,photo
647,rue,Street
648,tirer,to pull
649,comprendre,to understand
650,face,face
651,semaines,weeks
652,marché,walk
653,questions,questions
654,honneur,honor
655,ciel,sky
656,allé,go
657,garder,keep
658,chemin,path
659,grave,severe
660,gauche,LEFT
661,petits,small
662,courant,fluent
663,amie,friend
664,nouvelles,news
665,avion,plane
666,con,idiot
667,content,thrilled
668,force,strength
669,oublie,forget
670,devoir,duty
671,prochaine,next
672,prix,price
673,propos,about
674,bateau,boat
675,bouge,move
676,voix,voice
677,rouge,red
678,restez,stay
679,celle,that
680,pouvais,could
681,personnes,people
682,ferais,would do
683,début,beginning
684,espèce,species
685,gueule,mouth
686,acheter,buy
687,continue,keep on going
688,sort,spell
689,faim,hunger
690,long,long
691,j,j
692,voyage,journey
693,message,message
694,sorte,sort
695,reçu,received
696,bienvenue,Welcome
697,idiot,silly
698,certains,some
699,hôpital,hospital
700,promis,promised
701,devenir,become
702,ouvre,opens
703,grâce,grace
704,sûre,safe
705,problèmes,problems
706,armes,weapons
707,trucs,stuff
708,camp,camp
709,allais,were going
710,occupe,busy
711,devait,had to
712,manque,lack
713,connaissez,know
714,thé,tea
715,avaient,had
716,cheveux,hair
717,soleil,sun
718,salle,room
719,gagner,earn
720,laissez,let
721,erreur,error
722,cru,believed
723,pars,leave
724,bizarre,weird
725,croyez,believe
726,sac,bag
727,hôtel,hotel
728,oncle,uncle
729,pièce,piece
730,pouvait,could
731,fond,bottom
732,soirée,evening
733,secret,secret
734,patron,boss
735,rapport,report
736,apprendre,learn
737,commencé,begin
738,sauver,save
739,seconde,second
740,pensez,think
741,allô,Hello
742,ailleurs,elsewhere
743,agent,agent
744,froid,cold
745,seras,will be
746,pied,foot
747,jolie,pretty
748,revenir,to come back
749,scène,scene
750,pieds,feet
751,n,not
752,devons,must
753,groupe,band
754,carte,map 
755,aurai,will have
756,effet,effect
757,neuf,nine
758,fallait,had to
759,monte,mounted
760,battre,beat
761,noël,Christmas
762,venue,coming
763,mots,words
764,tire,drawn
765,droite,RIGHT
766,libre,free
767,soeur,sister
768,situation,situation
769,seront,will be
770,faux,fake
771,bordel,mess
772,foutre,cum
773,lumière,light
774,euh,uh
775,incroyable,amazing
776,tue,kill
777,joli,pretty
778,connaît,knows
779,debout,standing
780,colonel,colonel
781,cheval,horse
782,écoutez,Listen
783,george,george
784,joe,joe
785,vieille,old
786,entrez,Come in
787,intérieur,interior
788,coin,corner
789,auras,will have
790,gagné,won
791,fric,money
792,loi,law
793,absolument,absolutely
794,dame,lady
795,cool,cool
796,magnifique,Magnificent
797,dos,back
798,occuper,to occupy
799,présent,here
800,retrouver,find
801,réussi,successful
802,frank,frank
803,rencontrer,meet
804,aviez,had
805,meilleure,best
806,âme,soul
807,prêts,loans
808,doucement,gently
809,table,table
810,lettre,letter
811,rappelle,remember
812,sam,sat
813,fut,was
814,risque,risk
815,ordres,orders
816,appel,call
817,commencer,to start
818,terminé,finished
819,agit,acts
820,blanc,white
821,sœur,sister
822,pareil,The same
823,charlie,Charlie
824,chaud,hot
825,finir,finish
826,touche,touch
827,avance,advance
828,ignore,ignore
829,meurtre,murder
830,tranquille,calm
831,anniversaire,birthday
832,déjeuner,lunch
833,disais,said
834,bord,edge
835,tom,Tom
836,jeunes,youth
837,accident,accident
838,parlez,speak
839,fasse,do
840,complètement,completely
841,déteste,hated
842,clair,clear
843,marcher,to walk
844,disait,said
845,mauvaise,bad
846,envoyé,sent
847,â,has
848,professeur,teacher
849,heureuse,happy
850,doivent,must
851,midi,noon
852,lire,read
853,moyen,AVERAGE
854,ferait,would do
855,commandant,commanding officer
856,vraie,true
857,sept,seven
858,forme,shape
859,tombe,fall
860,silence,silence
861,sortez,go out
862,connaître,to know
863,puisse,can
864,cadeau,gift
865,flics,cops
866,mer,sea
867,médecin,doctor
868,exact,exact
869,décidé,decided
870,moitié,half
871,surprise,surprise
872,avocat,lawyer
873,montre,watch
874,b,b
875,su,know
876,porter,to carry
877,télé,TV
878,vivant,alive
879,jure,sworn
880,disent,say
881,mr,mr
882,serez,will be
883,devriez,should
884,devenu,became
885,aimé,love
886,diable,devil
887,ligne,line
888,mission,assignment
889,suppose,Assumed
890,chacun,each
891,autour,around
892,pote,pal
893,grosse,fat
894,expliquer,explain
895,arrivée,arrival
896,monter,to go up
897,balle,ball
898,selon,according to
899,photos,Pictures
900,contrôle,control
901,prête,ready
902,anglais,English
903,sorti,got out
904,k,k
905,bons,good
906,disparu,disappeared
907,tenir,hold
908,simplement,simply
909,quitter,to leave
910,envoie,send
911,paul,paul
912,aimer,to like
913,voie,way
914,paris,Paris
915,classe,class
916,huit,eight
917,offre,offer
918,poste,job
919,dangereux,dangerous
920,attaque,attack
921,impression,impression
922,folle,crazy
923,michael,michael
924,mange,eat
925,bravo,well done
926,arrière,back
927,amérique,America
928,suivre,follow
929,aille,go
930,oublier,forget
931,peuple,people
932,baiser,kiss
933,rencontré,encounter
934,honte,shame
935,connard,asshole
936,trou,hole
937,retourner,return
938,chanson,song
939,change,exchange
940,arrêté,stopped
941,enfer,hell
942,écrire,to write
943,livres,books
944,habitude,habit
945,réponse,answer
946,david,David
947,lieutenant,lieutenant
948,savait,knew
949,radio,radio
950,tenez,hold
951,bande,band
952,bob,bob
953,rend,makes
954,compagnie,company
955,connu,known
956,secours,relief
957,danse,dance
958,met,puts
959,vit,lives
960,conneries,bullshit
961,aurez,will have
962,imagine,conceived
963,boîte,box
964,joué,plays
965,triste,sad
966,sud,south
967,lu,read
968,tel,such
969,merveilleux,wonderful
970,pute,whore
971,aie,Ouch
972,ressemble,looks like
973,coucher,to sleep
974,ennuis,trouble
975,volé,stolen
976,sortie,exit
977,devais,had to
978,combat,fight
979,bouche,mouth
980,certain,certain
981,visite,visit
982,existe,exist
983,bête,beast
984,retourne,return
985,approche,approach
986,pourtant,Yet
987,plusieurs,several
988,rire,laugh
989,but,aim
990,sergent,sergeant
991,public,audience
992,système,system
993,présente,present
994,dirai,will say
995,faudra,will be necessary
996,écouter,listen
997,hors,out
998,exemple,example
999,vendre,sell
1000,continuer,continue
1001,coups,blows
1002,pourra,will be able to
1003,sympa,nice
1004,nord,north
1005,cuisine,kitchen
1006,époque,era
1007,grands,big
1008,héros,hero
1009,étrange,odd
1010,avenir,future
1011,danger,hazard
1012,envoyer,send
1013,gouvernement,government
1014,danser,to dance
1015,lune,moon
1016,etre,be
1017,poser,to set down
1018,partez,leave
1019,normal,normal
1020,peau,skin
1021,santé,health
1022,ecoutez,Listen
1023,ouvrir,open
1024,nez,nose
1025,secondes,seconds
1026,amoureux,lover
1027,dommage,Shame
1028,pleine,full
1029,mille,thousand
1030,banque,bank
1031,voler,fly
1032,clé,key
1033,bonnes,good
1034,paraît,appears
1035,servir,serve
1036,journal,newspaper
1037,village,village
1038,tient,is holding
1039,flic,cop
1040,salaud,bastard
1041,juge,judge
1042,tiré,drawn
1043,cour,court
1044,assis,sat
1045,bruit,noise
1046,terrible,terrible
1047,prochain,next
1048,inspecteur,inspector
1049,liberté,freedom
1050,blague,joke
1051,robe,dress
1052,crime,crime
1053,bière,beer
1054,tas,heap
1055,viennent,are coming
1056,don,Don
1057,reine,queen
1058,protéger,protect
1059,seuls,alone
1060,préfère,favorite
1061,bar,bar
1062,dingue,crazy
1063,vent,wind
1064,pitié,pity
1065,croit,believes
1066,payé,paid
1067,travers,through
1068,club,club
1069,garçons,boys
1070,conseil,advice
1071,mesdames,ladies
1072,sol,ground
1073,bonheur,happiness
1074,rêves,dreams
1075,centre,center
1076,thé,tea
1077,mêmes,same
1078,avions,planes
1079,mike,mike
1080,nulle,nothing
1081,stupide,stupid
1082,pouvons,can
1083,vin,wine
1084,tante,aunt
1085,sent,feels
1086,fiche,form
1087,milieu,medium
1088,signe,sign
1089,unis,United
1090,appelez,call
1091,départ,departure
1092,inutile,useless
1093,emmener,take away
1094,comprenez,understand
1095,liste,list
1096,gamin,kid
1097,johnny,johnny
1098,hey,hey
1099,prise,socket
1100,savent,know
1101,différent,different
1102,verra,will see
1103,probablement,probably
1104,intérêt,interest
1105,choisi,selected
1106,parole,speech
1107,ennemi,enemy
1108,vêtements,clothes
1109,aimez,love
1110,recherche,research
1111,société,Company
1112,faisais,did
1113,peter,to fart
1114,œil,eye
1115,soin,care
1116,chère,dear
1117,tourne,turned
1118,ià,here
1119,descendre,to come down
1120,félicitations,Congratulations
1121,pose,laid
1122,position,position
1123,oeil,eye
1124,vouloir,to want
1125,mecs,guys
1126,irai,will go
1127,spectacle,show
1128,acheté,bought
1129,laquelle,which
1130,rôle,role
1131,intéresse,interested
1132,utiliser,to use
1133,match,match
1134,devient,becomes
1135,quitté,quits
1136,asseoir,Sit
1137,environ,approximately
1138,plait,please
1139,mur,wall
1140,blessé,hurt
1141,mise,putting
1142,harry,Harry
1143,you,you
1144,beauté,beauty
1145,salope,slut
1146,parie,bet
1147,sert,serves
1148,soldats,soldiers
1149,films,movies
1150,américain,American
1151,marier,marry
1152,entrée,entrance
1153,soldat,soldier
1154,ouvert,open
1155,sauter,jump
1156,londres,London
1157,eiie,eiie
1158,lequel,which
1159,lâche,coward
1160,église,church
1161,pierre,rock 
1162,art,art
1163,fenêtre,window
1164,humain,human
1165,tort,wrong
1166,cerveau,brain
1167,coupable,guilty
1168,petites,small
1169,promets,promise
1170,adresse,address
1171,prince,prince
1172,quartier,neighborhood
1173,espoir,hope
1174,conduire,to drive
1175,auriez,would have
1176,ridicule,ridiculous
1177,justice,justice
1178,rose,pink
1179,venus,Venus
1180,max,max
1181,jimmy,jimmy
1182,presse,press
1183,adieu,farewell
1184,revient,come back
1185,expérience,experience
1186,présenter,to present
1187,tombé,fall
1188,faisons,let's do
1189,épouser,marry
1190,frères,brothers
1191,veuillez,please
1192,revenu,income
1193,colère,anger
1194,bill,bill
1195,vis,screw
1196,james,James
1197,pourriez,could
1198,jim,jim
1199,intéressant,interesting
1200,ouvrez,open
1201,nature,nature
1202,gosse,kid
1203,taxi,Taxi
1204,fier,proud
1205,preuve,evidence
1206,riche,rich
1207,faudrait,should
1208,base,base
1209,fleurs,flowers
1210,vide,empty
1211,portes,doors
1212,mademoiselle,miss 
1213,formidable,tremendous
1214,nul,
1215,directeur,director
1216,chanter,sing
1217,contact,contact
1218,histoires,stories
1219,marié,married
1220,défense,defense
1221,répondre,answer
1222,excuse,excuse
1223,responsable,responsible
1224,deuxième,second
1225,mary,mary
1226,san,san
1227,appartement,apartment
1228,décision,decision
1229,cinéma,movie theater
1230,jeter,throw
1231,aimais,loved
1232,cacher,hide
1233,glace,ice
1234,occasion,occasion
1235,dents,teeth
1236,vacances,vacation
1237,course,race
1238,ravi,delighted
1239,tueur,killer
1240,sentir,feel
1241,courage,courage
1242,jésus,Jesus
1243,allée,aisle
1244,capable,able
1245,essayez,try
1246,sauvé,Safe
1247,longue,long
1248,parmi,among
1249,continuez,continue
1250,paie,pay
1251,superbe,stunning
1252,français,French
1253,souvenir,memory
1254,ouest,west
1255,dégage,cleared
1256,jambes,legs
1257,coupe,cut
1258,immédiatement,immediately
1259,machine,machine
1260,épouse,marry
1261,telle,such
1262,marie,married
1263,mien,mine
1264,pius,more
1265,certainement,certainly
1266,bombe,bomb
1267,types,types
1268,p,p
1269,né,born
1270,manière,manner
1271,gagne,won
1272,prévu,foreseen
1273,chier,take a dump
1274,trouves,found
1275,u,u
1276,idées,ideas
1277,touché,touch
1278,rendu,rendered
1279,monstre,monster
1280,km,km
1281,retrouve,find
1282,ha,Ha
1283,f,f
1284,importance,importance
1285,joie,joy
1286,dérange,disturbs
1287,arrivent,arrive
1288,court,short
1289,pont,bridge
1290,foutu,fucked up
1291,bain,bath
1292,oubliez,forget
1293,tourner,turn
1294,contente,satisfied
1295,attendais,was waiting
1296,cent,hundred
1297,enchanté,delighted
1298,signifie,means
1299,américains,Americans
1300,quitte,quits
1301,poisson,fish
1302,henry,henry
1303,ayez,have
1304,terrain,ground
1305,enquête,investigation
1306,horrible,horrible
1307,chat,cat
1308,certaines,some
1309,r,r
1310,camion,truck
1311,copine,girlfriend
1312,joyeux,happy
1313,shérif,sheriff
1314,ramener,to bring back
1315,descends,go down
1316,éviter,avoid
1317,projet,project
1318,and,and
1319,dossier,case
1320,respect,respect
1321,excellent,excellent
1322,envers,towards
1323,mariée,bride
1324,occupé,busy
1325,lorsque,when
1326,blanche,white
1327,majesté,majesty
1328,rencontre,encounter
1329,toucher,to touch
1330,ange,angel
1331,refuse,denied
1332,charge,charge
1333,billy,billy
1334,chevaux,horses
1335,v,v
1336,chiens,dogs
1337,empêcher,to prevent
1338,dure,hard
1339,zone,area
1340,faits,facts
1341,animaux,animals
1342,meilleurs,best
1343,plupart,mostly
1344,emmène,take
1345,étions,were
1346,politique,policy
1347,chaussures,shoes
1348,langue,language
1349,mangé,eat
1350,douleur,pain
1351,planète,planet
1352,offrir,to offer
1353,règles,rules
1354,drogue,drug
1355,réalité,reality
1356,bus,bus
1357,enfoiré,Motherfucker
1358,dirais,would say
1359,permis,permit
1360,vécu,lived
1361,chapeau,hat
1362,île,island
1363,réunion,meeting
1364,soient,be
1365,contraire,opposite
1366,tony,Tony
1367,mettez,put
1368,nick,nick
1369,arrivera,to arrive at
1370,excuser,excuse
1371,code,coded
1372,couleur,color
1373,rapide,fast
1374,raconte,tell
1375,discuter,discuss
1376,opération,operation
1377,cartes,cards
1378,nourriture,food
1379,entier,entire
1380,nécessaire,necessary
1381,frais,costs
1382,toilettes,bathroom
1383,spécial,special
1384,vaisseau,vessel
1385,action,action
1386,princesse,princess
1387,magasin,store
1388,copain,boyfriend
1389,sache,know
1390,bu,drank
1391,steve,steve
1392,découvert,discovered
1393,pain,bread
1394,mignon,cute
1395,taille,size 
1396,sacré,sacred
1397,rends,give back
1398,eddie,eddie
1399,double,double
1400,viendra,will come
1401,imbécile,imbecile
1402,essaye,try
1403,champ,field
1404,personnel,staff
1405,client,customer
1406,lait,milk
1407,contrat,CONTRACT
1408,partis,gone
1409,sexe,sex
1410,mienne,mine
1411,repas,meal
1412,mémoire,memory
1413,destin,fate
1414,direction,direction
1415,dors,sleep
1416,faite,done 
1417,pleurer,cry
1418,couteau,knife
1419,malin,clever
1420,remettre,to put back
1421,ray,ray
1422,témoin,witness
1423,restes,remains
1424,mètres,meters
1425,trésor,treasure
1426,gosses,kids
1427,aiment,love
1428,washington,Washington
1429,habite,reside
1430,foi,faith
1431,puisque,since
1432,apporté,brought
1433,solution,solution
1434,trouvez,find
1435,nouveaux,new
1436,réfléchir,to reflect on
1437,choisir,choose
1438,goût,taste
1439,remercie,thanks
1440,détruire,destroy
1441,université,university
1442,doux,soft
1443,beaux,beautiful
1444,raconter,tell
1445,vitesse,speed
1446,menti,lied
1447,três,very
1448,procès,trial
1449,enceinte,pregnant
1450,amuser,amuse
1451,niveau,level
1452,vus,seen
1453,miss,miss
1454,fermer,close
1455,arranger,arrange
1456,end,end
1457,clients,clients
1458,rappeler,remind
1459,Alex,Alex
1460,failli,bankrupt
1461,arbre,TREE
1462,papiers,papers
1463,Sarah,Sarah
1464,mérite,deserved
1465,différence,difference
1466,travaillé,work
1467,disons,let's say
1468,bleu,blue
1469,dise,say
1470,aimait,loved
1471,appelles,call
1472,espace,space
1473,caméra,camera
1474,censé,supposed
1475,qu,that
1476,piste,track
1477,sourire,smile
1478,courir,run
1479,accepter,accept
1480,retrouvé,found
1481,charles,Charles
1482,jambe,leg
1483,angleterre,England
1484,quels,which
1485,préparer,prepare
1486,marre,fed up
1487,forces,strengths
1488,tirez,PULL
1489,énorme,huge
1490,Danny,Danny
1491,trés,very
1492,invité,guest
1493,rentré,go home
1494,officier,officer
1495,pièces,pieces
1496,lettres,letters
1497,file,file
1498,programme,program
1499,tommy,Tommy
1500,arrêt,stop
1501,fout,fuck
1502,balles,balls
1503,flingue,gun
1504,chasse,hunting
1505,regrette,regret
1506,to,to
1507,propres,clean
1508,victime,victim
1509,appartient,belongs
1510,france,France
1511,unique,unique
1512,régler,adjust
1513,moindre,lesser
1514,compter,count
1515,voitures,cars
1516,énergie,energy
1517,fil,thread
1518,lycée,high school
1519,crise,crisis
1520,stop,stop
1521,image,picture
1522,vérifier,check
1523,dimanche,Sunday
1524,appareil,device
1525,justement,exactly
1526,richard,richard
1527,noms,names
1528,million,million
1529,cassé,broken
1530,enlever,to remove
1531,clés,keys
1532,noire,black
1533,man,man
1534,dépend,depends
1535,derniers,last
1536,doigts,fingers
1537,réponds,answer
1538,honnête,honest
1539,prouver,prove
1540,preuves,evidence
1541,durant,during
1542,souris,mouse
1543,entendez,hear
1544,lever,lift
1545,oiseau,bird
1546,belles,beautiful
1547,oû,Or
1548,apporte,brought
1549,grandes,large
1550,morceau,piece
1551,bobby,bobby
1552,bougez,move
1553,amène,bring
1554,interdit,forbidden
1555,présence,presence
1556,récupérer,to recover
1557,quelles,what
1558,manqué,lack
1559,cou,neck
1560,venait,came
1561,étage,floor
1562,regard,glance
1563,bouger,to move
1564,finalement,Ultimately
1565,couper,cut
1566,urgence,emergency
1567,perds,lose
1568,points,points
1569,meurt,dies
1570,partons,let's leave
1571,troisième,third
1572,savons,soaps
1573,folie,madness
1574,ancien,ancient
1575,chante,sung
1576,obtenir,get
1577,répète,say again
1578,toit,roof
1579,humains,humans
1580,robert,robert
1581,jardin,garden
1582,métier,job
1583,poche,poached
1584,méchant,wicked
1585,paradis,heaven
1586,proche,close
1587,rejoindre,join
1588,lors,during
1589,nombre,number
1590,crains,fear
1591,règle,ruler
1592,frapper,hit
1593,intention,intention
1594,succès,success
1595,forte,strong
1596,gentille,kind
1597,campagne,campaign
1598,raisons,reasons
1599,malgré,despite
1600,alcool,alcohol
1601,regardé,look at
1602,jerry,jerry
1603,billets,tickets
1604,fantastique,fantastic
1605,lee,lee
1606,théâtre,theater
1607,vôtre,your
1608,samedi,SATURDAY
1609,pluie,rain
1610,fermé,farm
1611,relation,relationship
1612,frappé,struck
1613,restaurant,restaurant
1614,douce,gentle
1615,maladie,disease
1616,parlait,spoke
1617,raté,missed
1618,casse,broken
1619,dessous,below
1620,pourrai,could
1621,victoire,victory
1622,voudrait,would like
1623,remarqué,REMARK
1624,assurer,ensure
1625,pleure,cry
1626,bouteille,bottle
1627,gare,station
1628,carrière,career
1629,sentiments,feelings
1630,suivi,follow up
1631,vies,lives
1632,fiston,son
1633,vendu,sold
1634,attendant,waiting
1635,pourras,will be able to
1636,amoureuse,in love
1637,mens,mens
1638,falloir,to need
1639,chinois,Chinese
1640,étranger,stranger
1641,appelait,called
1642,assure,ensures
1643,étant,being
1644,queue,tail
1645,odeur,smell
1646,enlève,remove
1647,produit,product
1648,meurs,die
1649,secrets,secrets
1650,pression,pressure
1651,fatigué,fatigue
1652,aies,ouch
1653,plage,beach
1654,okay,okay
1655,animal,animal
1656,frappe,struck
1657,montagne,mountain
1658,coffre,chest
1659,passage,passage
1660,suivant,following
1661,signal,signal
1662,discours,speech
1663,cents,cents
1664,claire,clear
1665,g,g
1666,rivière,river
1667,costume,suit
1668,prendra,will take
1669,souhaite,wish
1670,hasard,chance
1671,journaux,newspapers
1672,aveugle,blind
1673,lis,read
1674,demandez,ask
1675,retraite,retirement
1676,afin,in order to
1677,vendredi,Friday
1678,van,van
1679,auraient,would have
1680,obligé,obliged
1681,major,major
1682,neige,snow
1683,remercier,thank
1684,fusil,gun
1685,gardes,guards
1686,faible,weak
1687,pauvres,poor
1688,noirs,black
1689,gâteau,cake
1690,cesse,cease
1691,parfaitement,perfectly
1692,excuses,apologies
1693,viande,meat
1694,ministre,minister
1695,univers,universe
1696,vienne,come
1697,utile,useful
1698,demandais,asked
1699,crétin,dumbass
1700,gaffe,blunder
1701,cache,hidden
1702,disant,saying
1703,décider,decide
1704,dort,sleeps
1705,gaz,gas
1706,blancs,whites
1707,connaissance,awareness
1708,vouliez,wanted
1709,jake,jake
1710,vidéo,video
1711,bataille,battle
1712,vive,long live
1713,anna,anna
1714,martin,martin
1715,iui,iui
1716,os,bone
1717,entend,hears
1718,jeux,games
1719,will,will
1720,verras,will see
1721,date,date
1722,échapper,escape
1723,naissance,birth
1724,droits,rights
1725,assassin,assassin
1726,attendu,expected
1727,montez,go up
1728,nouvel,new
1729,pensent,think
1730,génie,genius
1731,sérieusement,seriously
1732,cible,target
1733,prépare,prepared
1734,agir,to act
1735,militaire,military
1736,futur,future
1737,attraper,catch
1738,bal,ball
1739,europe,Europe
1740,californie,California
1741,donnez,give
1742,cousin,cousin
1743,vert,Green
1744,poids,weight
1745,volonté,will
1746,ventre,belly
1747,accepte,accepted
1748,amené,bring
1749,recevoir,receive
1750,inquiétez,worry
1751,perd,lose
1752,autrement,otherwise
1753,informations,information
1754,titre,title
1755,célèbre,famous
1756,couple,couple
1757,sexy,sexy
1758,serons,will be
1759,certaine,certain
1760,parlons,let's talk
1761,star,star
1762,étoiles,stars
1763,rome,Rome
1764,los,the bone
1765,répondu,answered
1766,resté,stay
1767,charmant,charming
1768,puissant,powerful
1769,zéro,zero
1770,genoux,knees
1771,mine,mine
1772,couilles,balls
1773,pilote,pilot
1774,maria,maria
1775,style,style
1776,ramène,brings back
1777,voulons,want to
1778,embrasser,to kiss
1779,amener,to bring
1780,valeur,value
1781,fortune,fortune
1782,reprendre,to resume
1783,revenez,come back
1784,vieil,old
1785,walter,walter
1786,servi,served
1787,arrivés,arrived
1788,lève,survey
1789,voleur,thief
1790,côtés,sides
1791,chris,Chris
1792,note,note
1793,préféré,favorite
1794,couché,layer
1795,milliers,thousands
1796,aéroport,airport
1797,prévenir,prevent
1798,château,castle
1799,apparemment,apparently
1800,gardez,keep
1801,privé,private
1802,détails,details
1803,larry,larry
1804,direct,direct
1805,reposer,to rest
1806,commande,order
1807,cherchez,search
1808,fer,iron
1809,conduit,led
1810,conscience,awareness
1811,oreilles,ears
1812,conversation,conversation
1813,regardes,look
1814,joues,play
1815,ennemis,enemies
1816,attendent,wait
1817,article,article
1818,dieux,gods
1819,talent,talent
1820,aise,easy
1821,poulet,chicken
1822,passée,past
1823,comprend,understand
1824,gorge,throat
1825,feras,will do
1826,tribunal,court
1827,découvrir,discover
1828,agréable,pleasant
1829,jette,throws
1830,test,test
1831,emmerde,fuck
1832,détruit,destroy
1833,nerveux,nervous
1834,saint,Holy
1835,marrant,funny
1836,joindre,join
1837,sentiment,feeling
1838,lance,spear
1839,humaine,human
1840,acte,act
1841,jane,jane
1842,pis,worse
1843,enculé,motherfucker
1844,tuée,killed
1845,saura,will know
1846,doigt,finger
1847,pourrez,will be able to
1848,passera,will pass
1849,horreur,horror
1850,comptes,accounts
1851,dernières,latest
1852,violence,violence
1853,fumer,to smoke
1854,invités,guests
1855,parlais,spoke
1856,job,job
1857,salon,living room
1858,défendre,defend
1859,mariés,married
1860,rock,rock
1861,apporter,bring
1862,coupé,cut
1863,repos,rest
1864,paquet,pack
1865,page,page
1866,utilise,used
1867,victimes,victims
1868,sage,wise
1869,aidé,help
1870,intelligent,clever
1871,ombre,shadow
1872,vache,cow
1873,désert,desert
1874,forêt,forest
1875,parfaite,perfect
1876,tombée,fallen
1877,extérieur,outside
1878,entré,between
1879,série,series
1880,concerne,concerned
1881,paroles,words
1882,dira,will say
1883,it,it
1884,champion,champion
1885,fbi,FBI
1886,lundi,Monday
1887,moteur,engine
1888,ouverte,opened
1889,mince,thin
1890,al,al
1891,russe,Russian
1892,grandi,grown up
1893,rappelles,remind
1894,dormi,slept
1895,ordinateur,computer
1896,in,in
1897,angeles,angeles
1898,accepté,accepted
1899,désormais,From now on
1900,acteur,actor
1901,membres,members
1902,trouvée,found
1903,pete,pete
1904,surpris,surprised
1905,miracle,miracle
1906,vole,stolen
1907,manquer,miss
1908,franchement,Frankly
1909,apprécie,appreciate
1910,cigarette,cigarette
1911,chemise,shirt
1912,mark,mark
1913,tente,tent
1914,faisant,doing
1915,billet,ticket
1916,reculez,step back
1917,moyens,means
1918,importante,important
1919,unité,unit
1920,champagne,Champagne
1921,pensait,thought
1922,www,www
1923,partager,share
1924,smith,smith
1925,minuit,midnight
1926,américaine,American
1927,courses,races
1928,puissance,power
1929,william,William
1930,nombreux,many
1931,réparer,fix
1932,caché,hidden
1933,haute,high
1934,sommeil,sleep
1935,essence,essence
1936,riches,rich
1937,lac,lake
1938,maire,mayor
1939,mode,fashion
1940,vingt,twenty
1941,reviendra,will come back
1942,pousse,grows
1943,amusant,amusing
1944,passez,pass
1945,services,services
1946,doc,doc
1947,rues,streets
1948,of,of
1949,risques,risks
1950,émission,emission
1951,leçon,lesson
1952,annonce,announcement
1953,plans,plans
1954,usine,factory
1955,louis,louis
1956,imaginer,imagine
1957,chauffeur,driver
1958,marque,brand
1959,parc,park
1960,épée,sword
1961,fesses,buttocks
1962,échange,exchange
1963,souvenirs,memories
1964,créer,create
1965,senti,felt
1966,signer,sign
1967,artiste,artist
1968,jeté,thrown away
1969,réveiller,wake
1970,hiver,winter
1971,également,also
1972,hum,hum
1973,souffle,breath
1974,vrais,true
1975,arbres,trees
1976,saute,jumped up
1977,fuir,flee
1978,meme,even
1979,battu,beaten
1980,permission,permission
1981,casser,to break
1982,chicago,Chicago
1983,allemands,German
1984,utilisé,used
1985,mentir,lie
1986,souci,worry
1987,é,e
1988,coûte,cost
1989,paye,paid
1990,tres,very
1991,offert,Free
1992,sir,sir
1993,no,no
1994,chair,flesh
1995,caisse,box
1996,supplie,begs
1997,dégagez,get out
1998,raconté,tell
1999,andy,andy
2000,lunettes,glasses
2001,chouette,owl
2002,menteur,liar
2003,trouvera,will find
2004,semblant,pretend
2005,ignorais,I didn't know
2006,perdue,lost
2007,whisky,whiskey
2008,rentrez,come back
2009,premiers,first
2010,pantalon,pants
2011,menace,threat
2012,racontes,tell
2013,douche,shower
2014,oiseaux,birds
2015,finie,finished
2016,auront,will have
2017,débarrasser,rid
2018,membre,member
2019,perte,loss
2020,verrez,see
2021,front,forehead
2022,lèvres,lips
2023,mai,may
2024,fac,college
2025,allo,Hello
2026,connaissais,knew
2027,gouverneur,governor
2028,monnaie,cash
2029,chou,cabbage
2030,achète,bought
2031,thomas,thomas
2032,secrétaire,secretary
2033,montré,watch
2034,jones,jones
2035,écris,write
2036,parlent,talk
2037,chaise,chair
2038,herbe,grass
2039,créé,created
2040,manteau,coat
2041,chocolat,chocolate
2042,pause,break
2043,côte,side
2044,abandonner,give up
2045,policier,police officer
2046,patient,patient
2047,dave,dave
2048,études,studies
2049,ballon,ball 
2050,mène,led
2051,respire,breathe
2052,mouvement,movement
2053,suicide,suicide
2054,japonais,Japanese
2055,accès,access
2056,tienne,hold on
2057,laisserai,will let
2058,poupée,doll
2059,innocent,innocent
2060,allés,went
2061,identité,identify
2062,véritable,true
2063,simon,Simon
2064,devenue,become
2065,totalement,totally
2066,piège,trap
2067,gloire,glory
2068,pourraient,could
2069,abri,shelter
2070,explique,explain
2071,rapidement,quickly
2072,fonctionne,works
2073,boy,boy
2074,foule,crowd
2075,pensées,thoughts
2076,maisons,houses
2077,fantôme,ghost
2078,source,source
2079,lancer,throw
2080,suit,follows
2081,changement,change
2082,choc,shock
2083,veste,jacket
2084,attaquer,tackle
2085,faveur,favor
2086,oreille,ear
2087,touchez,touch
2088,malheureusement,Unfortunately
2089,soudain,suddenly
2090,tués,You are
2091,bref,Short
2092,malheur,misfortune
2093,portable,portable
2094,chaleur,heat
2095,mensonge,lie
2096,répondez,answer
2097,heureusement,Fortunately
2098,emploi,job
2099,lois,laws
2100,nettoyer,to clean
2101,attrape,caught
2102,geste,gesture
2103,verrai,will see
2104,notes,notes
2105,plat,flat
2106,etait,was
2107,corde,rope
2108,sacrée,sacred
2109,cherches,looking for
2110,siècle,century
2111,etat,state
2112,distance,distance
2113,refusé,denied
2114,mars,March
2115,saison,season
2116,bel,beautiful
2117,monté,mounted
2118,idiote,idiot
2119,recherches,research
2120,alerte,alert
2121,ennuie,bored
2122,christ,Christ
2123,remonte,traced back
2124,plaisante,joke
2125,city,city
2126,bat,beat
2127,images,pictures
2128,voulaient,wanted
2129,titres,securities
2130,alice,alice
2131,couverture,blanket
2132,moments,moments
2133,big,big
2134,mesure,measure
2135,atteindre,reach
2136,singe,monkey
2137,pistolet,gun
2138,frontière,border
2139,réel,real
2140,réfléchi,thoughtful
2141,somme,sum
2142,agents,agents
2143,ours,bear
2144,prisonniers,prisoners
2145,évidemment,obviously
2146,afrique,Africa
2147,allemand,German
2148,dan,dan
2149,couche,layer
2150,relations,relationships
2151,texas,Texas
2152,delà,of the
2153,celles,those
2154,navire,ship
2155,deviens,become
2156,bite,cock
2157,laisses,leashes
2158,dirige,directed
2159,partenaire,partner
2160,aube,dawn
2161,demi,half
2162,affreux,awful
2163,camarade,comrade
2164,street,street
2165,inquiéter,worry
2166,tableau,painting 
2167,fatiguée,tired
2168,entreprise,business
2169,demandes,requests
2170,nana,chick
2171,re,D
2172,coincé,stuck
2173,tenu,tenuous
2174,viré,fired
2175,suspect,suspicious
2176,reconnais,recognize
2177,ressens,feel
2178,juif,Jewish
2179,directement,directly
2180,mexique,Mexico
2181,cherché,look for
2182,marine,Marine
2183,prisonnier,prisoner
2184,finit,ends
2185,howard,howard
2186,étoile,star
2187,jean,Jeans
2188,convaincre,convince
2189,filer,spin
2190,kevin,kevin
2191,bosse,bump
2192,pousser,push
2193,protection,protection
2194,signé,sign
2195,crier,shout
2196,rêvé,dream
2197,respirer,breathe
2198,propriétaire,owner
2199,prêtre,priest
2200,donnes,data
2201,taire,to hush up
2202,permettre,allow
2203,prudent,careful
2204,carl,carl
2205,commis,clerk
2206,chaîne,chain
2207,copains,friends
2208,sec,dry
2209,cauchemar,nightmare
2210,laver,wash
2211,hollywood,Hollywood
2212,jeff,jeff
2213,réfléchis,think
2214,trompe,deceived
2215,hais,hate
2216,immeuble,building
2217,supporter,support
2218,soi,self
2219,bagages,luggage
2220,tir,shot
2221,traverser,to cross
2222,commissaire,commissioner
2223,mac,mac
2224,donnerai,will give
2225,reviendrai,will come back
2226,larmes,tears
2227,déranger,to disturb
2228,Arthur,Arthur
2229,pigé,caught
2230,réserve,reserve
2231,adam,Adam
2232,volant,flying
2233,uniforme,uniform
2234,st,st
2235,croient,believe
2236,différents,different
2237,souffrir,suffer
2238,maudit,damn
2239,valise,suitcase
2240,prendrai,will take
2241,assurance,insurance
2242,abandonné,abandoned
2243,dames,ladies
2244,lendemain,the following day
2245,navré,sorry
2246,prennent,take
2247,sénateur,senator
2248,roule,rolled
2249,montagnes,mountains
2250,lapin,rabbit
2251,juifs,Jews
2252,amuse,amused
2253,espérais,hoped
2254,fleur,flower
2255,merveilleuse,wonderful
2256,tournée,tour
2257,scott,scott
2258,information,information
2259,foyer,hearth
2260,tourné,turned
2261,personnage,character
2262,permettez,allow
2263,amitié,friendship
2264,hâte,haste
2265,opinion,opinion
2266,curieux,curious
2267,concert,concert
2268,enfance,childhood
2269,extraordinaire,extraordinary
2270,davantage,any further
2271,saviez,knew
2272,chargé,charge
2273,porc,pork
2274,recommence,start again
2275,chèque,check
2276,piano,piano
2277,jouez,play
2278,océan,ocean
2279,ayant,having
2280,go,go
2281,pattes,paws
2282,ravie,delighted
2283,trace,trace
2284,réveillé,wake up
2285,miles,miles
2286,soupe,soup
2287,sucre,sugar
2288,écoutes,listens
2289,vierge,virgin
2290,mauvaises,bad
2291,objet,object
2292,adorable,adorable
2293,chine,China
2294,sonne,rings
2295,envoyez,send
2296,réputation,reputation
2297,kate,kate
2298,sport,sport
2299,brave,brave
2300,lieux,places
2301,brûle,burns
2302,russes,Russian
2303,murs,walls
2304,second,second
2305,etes,are
2306,facilement,easily
2307,troupes,troops
2308,titrage,titration
2309,canon,cannon
2310,bague,ring
2311,bâtiment,building
2312,seraient,would be
2313,cellule,cell
2314,Susan,Susan
2315,survivre,survive
2316,trouverai,will find
2317,printemps,spring
2318,voisins,neighbors
2319,nuits,nights
2320,chances,odds
2321,contrôler,control
2322,compliqué,complicated
2323,voyais,saw
2324,retirer,withdraw
2325,ancienne,Ancient
2326,théorie,theory
2327,avancez,move forward
2328,studio,studio
2329,exploser,explode
2330,explosion,blast
2331,fiancée,fiancee
2332,évident,obvious
2333,gardé,guard
2334,accusé,accused
2335,Annie,Annie
2336,témoins,witnesses
2337,désir,desire
2338,humanité,humanity
2339,amen,Amen
2340,magie,magic
2341,restera,will stay
2342,palais,palace
2343,cirque,circus
2344,cinglé,crazy
2345,conduis,drive
2346,sales,dirty
2347,traces,traces
2348,station,station
2349,construire,build
2350,joey,joey
2351,siège,seat
2352,Kelly,Kelly
2353,semblait,seemed
2354,vivants,living
2355,voient,see
2356,représente,represented
2357,sombre,dark
2358,lourd,heavy
2359,lá,there
2360,familles,families
2361,égal,equal
2362,surveille,monitors
2363,terme,term
2364,gêne,embarrassed
2365,poule,chicken
2366,pére,father
2367,devraient,should
2368,soif,thirsty
2369,haine,hate
2370,Rachel,Rachael
2371,Jason,Jason
2372,surveiller,to watch
2373,ted,ted
2374,marin,marine
2375,procureur,prosecutor
2376,traité,treaty
2377,vivent,live
2378,chansons,songs
2379,souvenez,remember
2380,entière,whole
2381,résultat,result
2382,préparé,prepared
2383,top,top
2384,enchantée,Nice to meet you
2385,gardien,guardian
2386,traite,treaty
2387,avancer,move forward
2388,commun,common
2389,pêche,fishing
2390,tien,yours
2391,posé,laid
2392,libérer,release
2393,gamins,kids
2394,taule,jail
2395,retournez,return
2396,médicaments,drugs
2397,matériel,material
2398,crâne,skull
2399,région,region
2400,débile,stupid
2401,science,science
2402,délicieux,delicious
2403,privée,private
2404,créature,creature
2405,ho,ho
2406,ed,ed
2407,king,king
2408,liquide,liquid
2409,réglé,ruler
2410,gay,gay
2411,apprend,learn
2412,quant,as to
2413,péché,fishing
2414,répéter,repeat
2415,auprès,with
2416,tâche,stain
2417,devine,guess
2418,mener,carry out
2419,vente,sale
2420,plu,enjoyed
2421,joueur,player
2422,modèle,model
2423,aurons,will have
2424,up,up
2425,mensonges,lies
2426,fermez,close
2427,traiter,to treat
2428,secteur,sector
2429,soyons,let's be
2430,barre,rod
2431,appelée,called
2432,projets,projects
2433,roman,novel
2434,veille,day before
2435,étudier,to study
2436,tenue,outfit
2437,physique,physical
2438,passait,passed
2439,concours,competition
2440,jaune,YELLOW
2441,inconnu,unknown
2442,victor,Victor
2443,vision,vision
2444,black,black
2445,lentement,slowly
2446,surface,surface
2447,dick,dick
2448,com,com
2449,matt,Matt
2450,kilomètres,kilometers
2451,baise,fuck
2452,x,x
2453,sers,serve
2454,abandonne,abandoned
2455,vivante,alive
2456,spéciale,special
2457,prof,teacher
2458,poissons,Pisces
2459,bosser,work
2460,cherchais,was looking for
2461,my,my
2462,empire,empire
2463,cigarettes,cigarettes
2464,amies,friends
2465,aventure,adventure
2466,responsabilité,responsibility
2467,sauve,Safe
2468,devrions,should
2469,lucy,Lucy
2470,atteint,reached
2471,infirmière,nurse
2472,humeur,mood
2473,descendez,go down
2474,résultats,results
2475,tenté,tent
2476,baisse,drop
2477,mn,min
2478,rare,rare
2479,empreintes,fingerprints
2480,proches,relatives
2481,sauvage,savage
2482,virer,fire
2483,fumée,smoke
2484,lisa,Lisa
2485,engagé,engaged
2486,romantique,romantic
2487,cloche,Bell
2488,brian,brian
2489,magique,Magic
2490,chers,Dear
2491,comité,committee
2492,choisis,choose
2493,voila,There
2494,jaloux,jealous
2495,divorce,divorce
2496,lord,lord
2497,détective,detective
2498,rouges,red
2499,fred,Fred
2500,ambulance,ambulance
2501,rentrée,back to school
2502,port,port
2503,anne,anne
2504,roy,roy
2505,cochon,pig
2506,enfuir,escape
2507,devra,must
2508,francisco,francisco
2509,ménage,household
2510,roger,Roger
2511,particulier,particular
2512,journaliste,journalist
2513,croix,cross
2514,pareille,similar
2515,royaume,kingdom
2516,disparaître,disappear
2517,jus,juice
2518,comte,county
2519,sainte,holy
2520,soucis,worries
2521,allemagne,Germany
2522,patience,patience
2523,fallu,necessary
2524,net,net
2525,suivez,follow
2526,panique,panic
2527,q,q
2528,morceaux,parts
2529,construit,built
2530,crédit,credit
2531,rater,miss
2532,normale,normal
2533,attendait,was waiting
2534,bye,bye
2535,fromage,cheese
2536,embrasse,kiss
2537,complet,complete
2538,bouffe,food
2539,boutique,shop
2540,seriez,would be
2541,recommencer,restart
2542,scénario,scenario
2543,jeudi,THURSDAY
2544,endroits,locations
2545,brûler,burn
2546,nommé,appointed
2547,mardi,Tuesday
2548,hall,lobby
2549,réalisé,accomplished
2550,terry,terry
2551,passion,passion
2552,enlevé,removed
2553,profond,deep
2554,télévision,television
2555,abruti,jerk
2556,réussir,succeed
2557,répond,answers
2558,red,red
2559,emmené,taken away
2560,cadeaux,gifts
2561,remonter,go back up
2562,accompagner,to accompany
2563,johnson,Johnson
2564,différente,different
2565,tromper,deceive
2566,pot,jar
2567,lien,link
2568,serpent,snake
2569,imaginez,imagine
2570,excusez,excuse
2571,trompé,deceived
2572,cadavre,corpse
2573,bouton,button
2574,cancer,cancer
2575,descend,goes down
2576,centaines,hundreds
2577,poussière,dust
2578,piscine,pool
2579,entraînement,training
2580,terminée,finished
2581,tapis,carpet
2582,esprits,spirits
2583,phil,phil
2584,inviter,invite
2585,œuvre,artwork
2586,imagination,imagination
2587,chut,shh
2588,park,park
2589,existence,existence
2590,empereur,emperor
2591,décide,decided
2592,eric,eric
2593,ascenseur,elevator
2594,criminel,criminal
2595,révolution,revolution
2596,principal,main
2597,terres,land
2598,charmante,charming
2599,promesse,promise
2600,période,period
2601,craint,fears
2602,croyait,believed
2603,courrier,mail
2604,récemment,recently
2605,écran,screen
2606,anciens,old
2607,cris,screams
2608,passes,passes
2609,combattre,combat
2610,réveille,wake up
2611,feront,will do
2612,élevé,pupil
2613,têtes,heads
2614,souffre,suffer
2615,quiconque,anyone
2616,malheureux,unfortunate
2617,césar,Caesar
2618,arrives,arrive
2619,empêche,stop
2620,brisé,broken
2621,garage,garage
2622,russie,Russia
2623,Jackson,Jackson
2624,bêtes,beasts
2625,tenter,to attempt
2626,excellente,excellent
2627,passent,pass
2628,ferez,will do
2629,pub,pub
2630,logique,logic
2631,version,version
2632,permet,allow
2633,parte,leaves
2634,temple,temple
2635,section,section
2636,rythme,pace
2637,propriété,property
2638,étrangers,foreigners
2639,finis,finished
2640,erreurs,errors
2641,feriez,would do
2642,propose,propose
2643,examen,exam
2644,nation,nation
2645,approchez,approach
2646,différentes,different
2647,traduction,translation
2648,reconnu,recognized
2649,cap,cape
2650,meurtres,murders
2651,courageux,brave
2652,profiter,enjoy
2653,juré,sworn
2654,miel,Honey
2655,poil,hair 
2656,rapports,reports
2657,chic,chic
2658,fonds,funds
2659,aimerait,would like
2660,sable,sand
2661,lutte,struggle
2662,fière,proud
2663,is,is
2664,japon,Japan
2665,douze,twelve
2666,labo,lab
2667,ya,ya
2668,agence,agency
2669,cependant,However
2670,indiens,Indian
2671,donnera,will give
2672,restent,remain
2673,ceinture,belt
2674,seins,breasts
2675,étonnant,amazing
2676,uns,some
2677,nourrir,to feed
2678,inventé,invented
2679,sérieuse,serious
2680,ment,is lying
2681,pratique,practical
2682,invite,guest
2683,potes,friends
2684,meurtrier,murderer
2685,vegas,vegas
2686,idéal,ideal
2687,maîtresse,mistress
2688,central,central
2689,fume,smoke
2690,équipage,crew
2691,brillant,bright
2692,trouvent,find
2693,crie,calls out
2694,laura,Laura
2695,commission,commission
2696,nager,swim
2697,boit,drinks
2698,bombes,bombs
2699,figure,figure
2700,revolver,revolver
2701,crème,cream
2702,rat,rat
2703,tempête,storm
2704,refaire,redo
2705,née,born
2706,supporte,supports
2707,crever,die
2708,conduite,conduct
2709,lci,here
2710,brown,brown
2711,pure,pure
2712,traitement,treatment
2713,porté,door
2714,voyait,saw
2715,cabine,cabin
2716,fuite,leak
2717,nationale,national
2718,estomac,stomach
2719,machines,machines
2720,julie,julie
2721,couloir,corridor
2722,emily,Emily
2723,ouah,Wow
2724,bijoux,jewelry
2725,lâcher,let go
2726,acteurs,actors
2727,sentez,feel
2728,couleurs,colors
2729,naturel,natural
2730,travaillait,was working
2731,Wilson,Wilson
2732,incendie,fire
2733,camarades,comrades
2734,chute,fall
2735,accompagne,accompanied
2736,passés,past
2737,médecins,doctors
2738,revenue,income
2739,peinture,paint
2740,reconnaître,recognize
2741,dollar,dollar
2742,coupez,cut
2743,prénom,first name
2744,puce,chip
2745,pur,pure
2746,prier,pray
2747,actions,actions
2748,voisin,neighbor
2749,officiers,officers
2750,prévenu,warned
2751,chaude,hot
2752,bains,baths
2753,démon,demon
2754,pierres,stones
2755,miroir,mirror
2756,forcément,necessarily
2757,lumières,lights
2758,actrice,actress
2759,jouait,played
2760,vérifie,checked
2761,comportement,behavior
2762,avoue,confess
2763,aient,have
2764,buvez,drink
2765,calmer,calm
2766,amy,Amy
2767,technique,technical
2768,nôtres,ours
2769,obtenu,got
2770,autrefois,formerly
2771,parlera,talk to
2772,Ryan,Ryan
2773,boss,boss
2774,parier,to bet
2775,correct,correct
2776,septembre,september
2777,libres,free
2778,affronter,confront
2779,doué,gifted
2780,appellent,call
2781,repose,rests
2782,conditions,terms
2783,parfum,scent
2784,protège,protected
2785,tasse,cup
2786,pensée,thought
2787,salaire,salary
2788,bagnole,car
2789,infos,info
2790,jolies,pretty
2791,récompense,reward
2792,kim,kim
2793,essayons,let's try
2794,ordinaire,ordinary
2795,jeunesse,youth
2796,musée,museum
2797,bébés,babies
2798,chuck,chuck
2799,plaisantes,pleasant
2800,absence,absence
2801,aiors,aiors
2802,échappé,escaped
2803,fausse,false
2804,jury,jury
2805,étudiants,students
2806,approcher,approach
2807,espagne,Spain
2808,aprés,After
2809,blonde,blonde hair
2810,condition,condition
2811,race,breed
2812,vend,sell
2813,absurde,absurd
2814,masque,mask
2815,appellerai,will call
2816,pardonner,forgive
2817,pouvoirs,powers
2818,laissée,left
2819,annoncer,announce
2820,origine,origin
2821,el,el
2822,apprends,learn
2823,poitrine,chest
2824,tape,type
2825,remis,handed over
2826,couvert,covered
2827,large,wide
2828,prenons,let's take
2829,pressé,press
2830,nu,naked
2831,loup,wolf
2832,urgent,urgent
2833,attente,waiting
2834,bêtises,foolery
2835,appels,calls
2836,mystère,mystery
2837,travailles,work
2838,vélo,bike
2839,vends,sell
2840,armé,armed
2841,réaction,reaction
2842,flotte,fleet
2843,bleue,blue
2844,foot,football
2845,foutez,fuck
2846,virus,virus
2847,oeufs,eggs
2848,élève,pupil
2849,daniel,Daniel
2850,êtres,beings
2851,vengeance,revenge
2852,stan,stan
2853,essayais,tried
2854,minable,shabby
2855,cérémonie,ceremony
2856,gordon,gordon
2857,uniquement,uniquely
2858,salauds,bastards
2859,alan,Alan
2860,froide,cold
2861,helen,Helen
2862,portée,scope
2863,disque,disk
2864,attaqué,attack
2865,résoudre,solve
2866,moche,ugly
2867,scientifique,scientist
2868,colle,glue
2869,lady,lady
2870,maximum,maximum
2871,déclaration,statement
2872,installer,install
2873,blessés,wounded
2874,effort,effort
2875,iras,will go
2876,commandement,commandment
2877,panne,breakdown
2878,visiter,to visit
2879,disiez,said
2880,venais,came
2881,pointe,point
2882,moque,mocks
2883,chambres,bedrooms
2884,convaincu,convinced
2885,raisonnable,reasonable
2886,aiiez,had
2887,rencontrés,met
2888,qualité,quality
2889,aimée,loved
2890,irait,would go
2891,épousé,marry
2892,attitude,attitude
2893,joseph,joseph
2894,esclave,slave
2895,milliards,billion
2896,guide,guide
2897,oeuvre,artwork
2898,humour,humor
2899,bible,Bible
2900,boule,ball 
2901,sacs,bags
2902,avocats,lawyers
2903,yo,yo
2904,meurent,die
2905,connaissait,knew
2906,union,union
2907,ex,ex
2908,sally,sally
2909,blesser,hurt
2910,taylor,taylor
2911,maggie,maggie
2912,perdus,lost
2913,malades,sick
2914,jungle,jungle
2915,jugement,judgement
2916,essai,essay
2917,écrivain,writer
2918,digne,worthy
2919,survécu,survived
2920,julia,julia
2921,vérifié,checked
2922,linda,linda
2923,brûlé,burned
2924,noble,noble
2925,sauté,jumped up
2926,gâcher,spoil
2927,inquiet,worried
2928,enterrement,funeral
2929,prenne,take
2930,site,site
2931,engager,engage
2932,rayon,Ray
2933,traîner,hang out
2934,rang,rank
2935,traître,traitor
2936,berlin,Berlin
2937,parlant,speaking
2938,orange,orange
2939,jenny,Jenny
2940,voudras,will want
2941,sentais,Smelt
2942,bourse,sotck exchange 
2943,élèves,students
2944,manques,shortages
2945,faisaient,were doing
2946,partage,sharing
2947,légende,legend
2948,cave,cellar
2949,voleurs,thieves
2950,fruits,fruits
2951,préviens,warn
2952,connaissent,know
2953,venant,from
2954,policiers,police officers
2955,paire,pair
2956,pommes,apples
2957,meilleures,best
2958,cassette,cassette
2959,sommet,summit
2960,remplacer,replace
2961,objets,objects
2962,idiots,idiots
2963,cage,cage
2964,saurais,would know
2965,limite,limit
2966,ailes,wings
2967,explication,explanation
2968,ô,oh
2969,bond,jump
2970,floride,Florida
2971,travaillez,work
2972,carter,carter
2973,conseiller,advise
2974,portait,wore
2975,condamné,sentenced
2976,voyant,seeing
2977,recule,steps back
2978,bénisse,bless
2979,associé,partner
2980,auteur,author
2981,écouté,listen
2982,sorcière,witch
2983,edward,edward
2984,livrer,deliver
2985,plainte,complaint
2986,réellement,really
2987,albert,albert
2988,adulte,adult
2989,pile,stack
2990,communauté,community
2991,mandat,mandate
2992,éducation,education
2993,ramené,brings back
2994,réponses,answers
2995,bagarre,fight
2996,escalier,stairs
2997,naturellement,naturally
2998,désire,longed for
2999,lignes,lines
3000,incident,incident
3001,kilos,kilos
3002,rats,rats
3003,quinze,fifteen
3004,parties,parts
3005,véhicule,vehicle
3006,wayne,wayne
3007,chasser,chase
3008,bottes,boots
3009,objectif,objective
3010,patients,patients
3011,suivante,next
3012,respecte,respect
3013,attrapé,caught
3014,junior,junior
3015,colline,hill
3016,professionnel,professional
3017,devoirs,homework
3018,conseils,advice
3019,effets,effects
3020,fichu,damn
3021,blessure,injury
3022,messages,posts
3023,baby,baby
3024,crimes,crimes
3025,moscou,Moscow
3026,villes,cities
3027,voudra,will want
3028,moto,motorbike
3029,domaine,domain
3030,organisation,organization
3031,aimable,kind
3032,forts,strong
3033,eue,had
3034,exercice,exercise
3035,voyager,to travel
3036,arrestation,arrest
3037,fasses,do
3038,pizza,pizza
3039,barbe,beard
3040,french,French
3041,dossiers,files
3042,tunnel,tunnel
3043,voudrez,will want
3044,arrivait,was coming
3045,roses,roses
3046,amiral,admiral
3047,cabinet,office
3048,mére,mother
3049,poursuivre,pursue
3050,forcé,strength
3051,huile,oil
3052,grosses,big
3053,ranger,tidy
3054,furieux,furious
3055,vivait,lived
3056,aidera,will help
3057,géant,giant
3058,tim,tim
3059,tours,towers
3060,retire,took of
3061,vote,vote
3062,autorisation,authorisation
3063,risqué,risk
3064,hitler,Hitler
3065,rond,round
3066,show,show
3067,territoire,territory
3068,venger,revenge
3069,exprès,on purpose
3070,tuerai,will kill
3071,anges,angels
3072,classique,classic
3073,soutien,support
3074,rentres,come back
3075,tokyo,tokyo
3076,proposition,proposal
3077,love,love
3078,tests,tests
3079,pétrole,oil
3080,réaliser,realize
3081,sortira,will come out
3082,soirs,evenings
3083,ministère,ministry
3084,magazine,magazine
3085,verres,glasses
3086,échec,failure
3087,vieilles,old
3088,pourrions,could
3089,bol,bowl
3090,plaire,to please
3091,miller,miller
3092,respecter,respect
3093,cons,idiots
3094,golf,golf
3095,bibliothèque,library
3096,attirer,attract
3097,drapeau,flag
3098,possède,possesses
3099,production,production
3100,conférence,conference
3101,efforts,efforts
3102,pere,father
3103,putains,whores
3104,précieux,precious
3105,religion,religion
3106,rêver,dream
3107,épreuve,test
3108,retenir,retain
3109,football,soccer
3110,Frankie,Frankie
3111,échoué,failed
3112,pisser,piss
3113,Barry,Barry
3114,sortes,kinds
3115,circonstances,circumstances
3116,kong,Kong
3117,mignonne,cute
3118,excellence,Excellency
3119,auto,car
3120,do,do
3121,vague,wave
3122,arrêtes,stop
3123,nôtre,OUR
3124,vallée,valley
3125,Morgan,Morgan
3126,enterré,buried
3127,tandis,while
3128,duc,duke
3129,pêre,father
3130,assassiné,murdered
3131,ooo,ooo
3132,charme,charm
3133,quart,quarter
3134,arrangé,arranged
3135,guitare,guitar
3136,remplir,fill
3137,Sophie,Sophie
3138,crève,die
3139,Jesse,Jesse
3140,Bruce,Bruce
3141,Sara,Sarah
3142,refuser,refuse
3143,donnent,give
3144,Luke,Luke
3145,taper,type
3146,critique,critical
3147,secrète,secret
3148,terminer,to end
3149,hauteur,height
3150,comédie,comedy
3151,cimetière,graveyard
3152,baisé,fucked
3153,cardiaque,cardiac
3154,Catherine,Catherine
3155,chiffres,numbers
3156,fêter,to celebrate
3157,trouverez,will find
3158,indien,Indian
3159,altesse,highness
3160,occupée,busy
3161,intelligente,intelligent
3162,culture,culture
3163,deviner,guess
3164,géniale,awesome
3165,limites,boundaries
3166,Nancy,Nancy
3167,précis,accurate
3168,éternité,eternity
3169,ball,ball
3170,plateau,plateau
3171,prises,taken
3172,viendrai,will come
3173,rempli,completed
3174,clairement,clearly
3175,intérêts,interests
3176,langage,language
3177,aides,helpers
3178,feux,lights
3179,Betty,Betty
3180,copie,copy
3181,profondément,deeply
3182,fâché,angry
3183,incapable,unable
3184,mercredi,Wednesday
3185,souffrance,suffering
3186,avouer,to confess to
3187,mile,mile
3188,posez,pose
3189,lion,lion
3190,ali,ali
3191,soigner,cure
3192,fenêtres,Windows
3193,pue,stinks
3194,électrique,electric
3195,italien,Italian
3196,traversé,crossed
3197,réception,reception
3198,énerve,irritated
3199,rentrons,let's go back
3200,couvrir,cover
3201,fonce,dark
3202,Harvey,Harvey
3203,Kyle,Kyle
3204,produits,products
3205,loyer,rent
3206,grace,grace
3207,bleus,blue
3208,assistant,assistant
3209,cervelle,brain
3210,trente,thirty
3211,yeah,yeah
3212,saches,know
3213,national,national
3214,avenue,avenue
3215,evidemment,obviously
3216,reçois,receive
3217,cité,quoted
3218,liaison,connection
3219,prouve,prove
3220,collier,necklace
3221,aprês,After
3222,séance,session
3223,placard,closet
3224,criminels,criminals
3225,irais,would go
3226,riz,rice
3227,sandwich,sandwich
3228,boston,Boston
3229,parlerai,will speak
3230,places,places
3231,stade,stadium
3232,gagnant,winner
3233,moral,moral
3234,tendre,tender
3235,fleuve,river
3236,mêre,mother
3237,stanley,stanley
3238,trouvait,found
3239,auparavant,previously
3240,personnellement,personally
3241,fièvre,fever
3242,champs,fields
3243,tuera,will kill
3244,chatte,cat
3245,actes,actions
3246,restait,remained
3247,amant,lover
3248,concernant,concerning
3249,las,the ace
3250,ferons,will do
3251,cherchent,they search
3252,tenait,held
3253,exécution,execution
3254,ann,ann
3255,lou,lou
3256,pédé,faggot
3257,prière,pray
3258,hélas,Alas
3259,sortent,go out
3260,bateaux,boats
3261,allaient,were going
3262,durer,last
3263,assise,seated
3264,alarme,alarm
3265,commencez,start
3266,furent,were
3267,prenait,taking
3268,brad,brad
3269,entièrement,entirely
3270,médecine,medicine
3271,juillet,July
3272,sortis,out
3273,sensible,sensitive
3274,poudre,powder
3275,finale,final
3276,plais,pleases
3277,durs,hard
3278,discussion,discussion
3279,séparer,to separate
3280,esclaves,slaves
3281,instructions,instructions
3282,beurre,butter
3283,documents,documents
3284,taré,tare
3285,rick,rick
3286,détail,detail
3287,baron,baron
3288,mettent,put
3289,congrès,Congress
3290,épaule,shoulder
3291,poison,poison
3292,final,final
3293,métro,Metro
3294,attendrai,will wait
3295,serment,oath
3296,chan,chan
3297,pardonne,forgiven
3298,espagnol,Spanish
3299,supérieur,superior
3300,w,w
3301,degrés,degrees
3302,rires,laughter
3303,west,west
3304,parker,Parker
3305,tuez,kill
3306,œufs,eggs
3307,fiancé,fiance
3308,nerfs,nerves
3309,portefeuille,wallet
3310,robot,robot
3311,internet,Internet
3312,expert,expert
3313,hank,hank
3314,surveillance,monitoring
3315,foutue,fucked up
3316,rita,rita
3317,réalisateur,director
3318,entraîner,train
3319,martha,Martha
3320,descendu,descended
3321,patrick,Patrick
3322,comté,county
3323,congé,leave
3324,finira,will end
3325,caméras,cameras
3326,sauce,sauce
3327,balance,balance
3328,destruction,destruction
3329,moderne,modern
3330,Carlos,Carlos
3331,extrêmement,extremely
3332,âmes,souls
3333,expression,expression
3334,marchera,will walk
3335,commerce,trade
3336,ivre,drunk
3337,salopard,bastard
3338,appétit,appetite
3339,dette,debt
3340,all,all
3341,promener,to take a walk
3342,employés,employees
3343,admettre,admit
3344,producteur,producer
3345,attendons,let's wait
3346,quittez,leave
3347,brise,broken
3348,wow,wow
3349,juin,June
3350,chats,cats
3351,remets,put back
3352,ajouter,add
3353,couler,to flow
3354,Pasteur,Pastor
3355,alliez,were going
3356,portrait,portrait
3357,heu,uh
3358,by,by
3359,lancé,spear
3360,diamants,diamonds
3361,donnée,given
3362,avantage,advantage
3363,fidèle,faithful
3364,juger,judge
3365,renseignements,information
3366,gang,gang
3367,loué,rented
3368,réseau,network
3369,ouverture,opening
3370,travaux,works
3371,poussé,pushed
3372,division,division
3373,invitation,invitation
3374,repartir,to share out
3375,trous,holes
3376,rappelez,remind
3377,totale,total
3378,solide,solid
3379,réservé,reserve
3380,Willie,Willie
3381,autorité,authority
3382,fermée,closed
3383,munitions,ammunition
3384,neveu,nephew
3385,diras,will say
3386,téléphoner,call
3387,briser,to break
3388,siècles,centuries
3389,nerveuse,nervous
3390,bonbons,candy
3391,blé,wheat
3392,pourri,rotten
3393,puits,well
3394,fantômes,ghosts
3395,termine,finished
3396,monstres,monsters
3397,écraser,crush
3398,espérons,hope
3399,bétail,cattle
3400,miens,mine
3401,changera,will change
3402,adultes,adults
3403,restée,remained
3404,total,total
3405,fierté,pride
3406,pari,bet
3407,sein,breast
3408,cessez,stop
3409,Elizabeth,Elizabeth
3410,exige,required
3411,étudiant,student
3412,Jackie,Jackie
3413,démarre,started
3414,lâchez,let go
3415,Marty,Marty
3416,passons,let's move on
3417,vic,vic
3418,semblez,seem
3419,gérer,manage
3420,électricité,electricity
3421,invitée,guest
3422,injuste,unfair
3423,désirez,desire
3424,lampe,lamp
3425,normalement,Normally
3426,causer,cause
3427,dalle,slab
3428,mondiale,worldwide
3429,comptez,count
3430,rouler,to roll
3431,filmer,film
3432,rapporte,reports
3433,sourd,deaf
3434,trouveras,will find
3435,alliance,alliance
3436,convient,agrees
3437,rage,rage
3438,habitants,residents
3439,Mamie,Granny
3440,nuages,clouds
3441,hmm,Hmm
3442,trahi,betrayed
3443,biens,goods
3444,Lewis,Lewis
3445,tournage,filming
3446,créatures,creatures
3447,militaires,military
3448,blessures,injuries
3449,barbara,barbara
3450,Louise,Louise
3451,règlement,regulation
3452,grant,grant
3453,étudié,studied
3454,courez,run
3455,habiller,dress
3456,soeurs,sisters
3457,soins,care
3458,célibataire,Single
3459,veuve,widow
3460,Canada,Canada
3461,dépêche,dispatch
3462,progrès,progress
3463,dégoûtant,disgusting
3464,fan,fan
3465,matière,matter
3466,avril,april
3467,molly,molly
3468,cercle,circle
3469,Davis,Davis
3470,nucléaire,nuclear
3471,pervers,pervert
3472,échelle,ladder
3473,adorer,love
3474,trouvais,found
3475,orchestre,orchestra
3476,déposer,deposit
3477,cadavres,corpses
3478,échappe,escape
3479,emprunter,borrow
3480,exprimer,express
3481,caractère,character
3482,libéré,released
3483,signes,signs
3484,fêtes,holidays
3485,vedette,featured
3486,lisez,read
3487,commençons,let's start
3488,robin,robin
3489,généreux,generous
3490,méchants,bad guys
3491,formation,training
3492,bâton,stick
3493,timide,shy
3494,gentils,friendly
3495,premières,firsts
3496,passagers,passengers
3497,immense,immense
3498,serviette,towel
3499,mangez,eat
3500,diriger,direct
3501,passant,passing
3502,Ruth,Ruth
3503,min,min
3504,préférée,favorite
3505,perdez,lose
3506,plaque,plate
3507,espion,spy
3508,connue,known
3509,eaux,waters
3510,deviennent,become
3511,emporter,take away
3512,Gary,Gary
3513,cruel,cruel
3514,citoyens,citizens
3515,von,von
3516,tension,tension
3517,ranch,ranch
3518,Karen,Karen
3519,business,business
3520,your,your
3521,organiser,organize
3522,étonne,surprised
3523,terroristes,terrorists
3524,that,that
3525,micro,microphone
3526,ordure,junk
3527,léger,light
3528,température,temperature
3529,unités,units
3530,populaire,popular
3531,joueurs,players
3532,beth,beth
3533,vincent,Vincent
3534,voies,ways
3535,regardais,looked
3536,saloperie,slut
3537,traverse,crosses
3538,intelligence,intelligence
3539,expériences,experiences
3540,Miami,Miami
3541,opérations,operations
3542,santa,santa
3543,arrange,arrange
3544,dragon,dragon
3545,sûrs,safe
3546,enterrer,bury
3547,pouviez,could
3548,craindre,to fear
3549,mortel,deadly
3550,issue,issue
3551,demeure,remains
3552,mouche,fly 
3553,donna,donna
3554,octobre,october
3555,commandé,order
3556,passeport,passport
3557,dés,of the
3558,couronne,crown
3559,oublierai,will forget
3560,accusation,charge
3561,procédure,procedure
3562,rendez,go
3563,objection,objection
3564,retourné,return
3565,relax,Relax
3566,publique,public
3567,appart,apartment
3568,imagines,imagine
3569,jouent,are playing
3570,inde,India
3571,travaillent,working
3572,essaies,try
3573,Lincoln,Lincoln
3574,psy,psychologist
3575,Vince,Vince
3576,manuel,manual
3577,étranges,strange
3578,apres,After
3579,nombreuses,many
3580,crainte,fear
3581,fit,fit
3582,asile,asylum
3583,cherchait,was looking for
3584,branche,branch
3585,groupes,groups
3586,white,white
3587,hop,hop
3588,tradition,tradition
3589,sel,salt
3590,centrale,central
3591,déçu,disappointed
3592,tentative,attempt
3593,négatif,negative
3594,autorités,authorities
3595,buter,abut
3596,connerie,bullshit
3597,proposé,propose
3598,manières,manners
3599,plaindre,complain
3600,employé,employee
3601,blessée,injured
3602,influence,influence
3603,forcer,force
3604,bonté,goodness
3605,Marcus,Marcus
3606,CIA,CIA
3607,sauvages,wild
3608,personnelle,personal
3609,couvre,covers
3610,coucou,cuckoo
3611,audience,hearing
3612,out,out
3613,savaient,knew
3614,entretien,interview
3615,bouffer,eat
3616,ouai,yeah
3617,impressionnant,impressive
3618,acier,steel
3619,renvoyer,send back
3620,salade,salad
3621,collègues,colleagues
3622,chefs,chefs
3623,guérir,heal
3624,entendue,heard
3625,sœurs,sisters
3626,êtait,was
3627,semblent,seem
3628,participer,participate
3629,coule,flows
3630,dépasse,exceeds
3631,réunis,reunited
3632,plairait,would please
3633,enlevez,remove
3634,trompes,tubes
3635,résister,resist
3636,technologie,technology
3637,patrie,country
3638,conséquences,consequences
3639,Margaret,Margaret
3640,cousine,cousin
3641,habits,clothes
3642,splendide,splendid
3643,Ross,Ross
3644,pipe,pipe
3645,abattu,beaten down
3646,cran,notch
3647,nue,naked
3648,tuyau,pipe 
3649,accueillir,to welcome
3650,découverte,discovery
3651,arracher,to tear out
3652,régime,diet
3653,reçoit,receives
3654,album,album
3655,levez,get up
3656,piqué,dived
3657,original,original
3658,remise,discount
3659,allume,alight
3660,promotion,promotion
3661,juan,juan
3662,examiner,examine
3663,franc,franc
3664,filé,spun
3665,éteint,extinct
3666,canapé,couch
3667,commander,order
3668,dessin,drawing
3669,guère,hardly
3670,interroger,question
3671,oscar,Oscar
3672,paraître,appear
3673,découvre,discover
3674,département,department
3675,vise,aims
3676,obéir,obey
3677,renforts,reinforcements
3678,lily,Lily
3679,événements,events
3680,innocents,innocent
3681,ç,vs
3682,organisé,organized
3683,sain,healthy
3684,devras,will have to
3685,reprends,resume
3686,goutte,drop
3687,cole,cole
3688,souffert,suffered
3689,excitant,exciting
3690,façons,manners
3691,saurai,will know
3692,charlotte,charlotte
3693,sou,penny
3694,réveil,awakening
3695,ken,ken
3696,benny,benny
3697,usa,USA
3698,volée,stolen
3699,préférerais,would prefer
3700,suprême,supreme
3701,tarte,pie
3702,changent,change
3703,revienne,come back
3704,solitaire,lonely
3705,cravate,tie
3706,rocky,rocky
3707,vérifiez,check
3708,ose,dare
3709,souper,supper
3710,événement,event
3711,remarque,REMARK
3712,chevalier,knight
3713,suffisamment,enough
3714,charger,load
3715,produire,produce
3716,repris,taken back
3717,record,record
3718,carol,carol
3719,williams,williams
3720,jo,jo
3721,préparez,prepare
3722,garce,bitch
3723,mêle,mixes
3724,étape,stage
3725,motel,motel
3726,pro,pro
3727,autorisé,allowed
3728,principale,main
3729,clinique,clinical
3730,devenus,become
3731,italie,Italy
3732,intéressante,interesting
3733,jonathan,Jonathan
3734,abattre,fell
3735,ère,time
3736,invisible,invisible
3737,dégâts,damage
3738,clark,clark
3739,élever,raise
3740,suggère,suggests
3741,rigole,laugh
3742,dent,tooth
3743,éclater,to burst
3744,tabac,tobacco
3745,disques,discs
3746,manquait,missing
3747,contacter,contact
3748,valait,was worth
3749,fusils,guns
3750,émotions,emotions
3751,queje,that I
3752,publicité,advertisement
3753,simples,simple
3754,éléments,elements
3755,exception,exception
3756,sincère,sincere
3757,rattraper,catch up
3758,efficace,effective
3759,éteindre,turn off
3760,linge,laundry
3761,goûter,to taste
3762,nathan,nathan
3763,possibilité,possibility
3764,canard,duck
3765,marqué,brand
3766,caporal,corporal
3767,déplacer,move
3768,devrez,will have to
3769,morale,moral
3770,insiste,insists
3771,katie,Katie
3772,parking,car park
3773,identifier,identify
3774,pouvaient,could
3775,personnages,characters
3776,cabane,hut
3777,intéressé,interested
3778,stylo,pen
3779,adoré,loved
3780,attaché,attached
3781,cri,shout
3782,kg,kg
3783,angle,corner
3784,séparés,separated
3785,traîne,dragged
3786,instinct,instinct
3787,déclaré,declared
3788,sire,sire
3789,pleut,rain
3790,séjour,stay
3791,ordures,garbage
3792,Raymond,Raymond
3793,délire,delirium
3794,pires,worst
3795,rumeurs,rumors
3796,fauteuil,armchair
3797,coûté,cost
3798,adjoint,assistant
3799,Stephen,Stephen
3800,collègue,colleague
3801,one,one
3802,poches,pockets
3803,novembre,november
3804,illégal,illegal
3805,restons,let's stay
3806,bonhomme,fellow
3807,appuie,supports
3808,difficiles,difficult
3809,laissera,will leave
3810,courte,short
3811,lâ,there
3812,tuent,kill
3813,lot,batch
3814,levé,survey
3815,seules,alone
3816,vivez,live
3817,personnalité,personality
3818,leo,Leo
3819,scandale,scandal
3820,conclu,concluded
3821,frigo,fridge
3822,admire,admire
3823,aïe,Ouch
3824,tragédie,tragedy
3825,oblige,obliged
3826,commandes,orders
3827,pénis,penis
3828,boue,mud
3829,dettes,debts
3830,enseigne,taught
3831,obscurité,darkness
3832,pages,pages
3833,chapitre,chapter
3834,violent,violent
3835,signature,signature
3836,conseille,advises
3837,vendeur,seller
3838,visages,faces
3839,rarement,rarely
3840,essayait,was trying
3841,serré,tight
3842,mères,mothers
3843,tels,such
3844,halte,stop
3845,collection,collection
3846,désastre,disaster
3847,noix,nut
3848,mourra,will die
3849,rejoins,join
3850,reconnaissance,acknowledgement
3851,blagues,jokes
3852,duke,duke
3853,méthode,method
3854,bienvenu,welcome
3855,donnait,gave
3856,gratuit,free
3857,boîtes,boxes
3858,marches,steps
3859,Brooklyn,Brooklyn
3860,valises,suitcases
3861,enfermé,shut in
3862,gants,gloves
3863,rompu,broken
3864,coïncidence,coincidence
3865,vilain,naughty
3866,poing,fist
3867,britannique,British
3868,dispute,dispute
3869,trahison,treason
3870,téléphoné,phone
3871,août,august
3872,feuilles,leaves
3873,quatrième,fourth
3874,révérend,reverend
3875,censée,supposed
3876,devaient,were to
3877,placé,place
3878,ténèbres,darkness
3879,enfui,ran away
3880,impliqué,implied
3881,vire,fired
3882,pilules,pills
3883,préfères,prefer
3884,for,for
3885,population,population
3886,manges,eat
3887,pleuré,cry
3888,chasseur,hunter
3889,livraison,delivery
3890,reprend,resumes
3891,emporte,take away
3892,louer,to rent out
3893,mette,put
3894,bizarres,weird
3895,torture,torture
3896,remarquable,outstanding
3897,termes,terms
3898,journalistes,journalists
3899,honnêtement,honestly
3900,câble,cable
3901,longs,long
3902,estime,estimated
3903,impôts,taxes
3904,massacre,massacre
3905,pomme,apple
3906,autoroute,highway
3907,sociale,social
3908,moyenne,average
3909,ingénieur,engineer
3910,doug,Doug
3911,péchés,sins
3912,laissent,let
3913,tarder,delay
3914,divine,Divine
3915,éloigner,remove
3916,clan,clan
3917,obligée,obliged
3918,xena,xena
3919,merveille,wonder
3920,concentrer,focus
3921,venons,let's come
3922,opéra,opera
3923,oxygène,oxygen
3924,sexuel,sexual
3925,industrie,industry
3926,aimerai,would like
3927,z,z
3928,sortons,let's go out
3929,accent,accent
3930,lawrence,lawrence
3931,gris,gray
3932,sean,sean
3933,mesures,measures
3934,batterie,battery
3935,toast,toast
3936,postes,positions
3937,communication,communication
3938,manche,sleeve
3939,grandir,to grow
3940,banques,banks
3941,tonnes,tons
3942,gentleman,gentleman
3943,zut,Damn
3944,numéros,numbers
3945,officiel,official
3946,chariot,cart
3947,otages,hostages
3948,prime,prime
3949,poésie,poetry
3950,annuler,Cancel
3951,jersey,Jersey
3952,chagrin,grief
3953,ellen,Ellen
3954,déconne,mess around
3955,fabuleux,fabulous
3956,dennis,dennis
3957,complexe,complex
3958,trafic,traffic
3959,trouille,funk
3960,us,us
3961,débrouiller,sort out
3962,commencent,begin
3963,cinquante,fifty
3964,vraies,true
3965,discute,discuss
3966,communiste,Communist
3967,francs,francs
3968,sacrifice,sacrifice
3969,française,French
3970,foie,liver
3971,statue,statue
3972,résistance,resistance
3973,mettra,will put
3974,volontiers,gladly
3975,drogues,drugs
3976,cercueil,coffin
3977,pendu,hanged
3978,ignorer,ignore
3979,tireur,shooter
3980,eut,had
3981,piquer,sting
3982,creuser,dig
3983,médaille,medal
3984,crée,creates
3985,équipement,equipment
3986,phase,phase
3987,chaos,chaos
3988,salue,greet
3989,survie,survival
3990,défi,challenge
3991,trouvés,found
3992,rencontrée,met
3993,boum,boom
3994,longues,long
3995,telles,such
3996,arriverai,will arrive
3997,gâché,spoils
3998,harris,Harris
3999,brigade,brigade
4000,fiers,proud
4001,ennuyeux,boring
4002,cieux,heavens
4003,contient,contains
4004,aile,wing
4005,oignons,onions
4006,vaches,cows
4007,sensation,sensation
4008,chanceux,lucky
4009,angela,angela
4010,gamine,kid
4011,cooper,cooper
4012,cessé,stopped
4013,tina,tina
4014,ressemblait,looked like
4015,plante,plant
4016,scènes,scenes
4017,solitude,solitude
4018,activité,activity
4019,mobile,mobile
4020,principe,principle
4021,rejoint,joined
4022,économie,economy
4023,armés,armed
4024,plastique,plastic
4025,regardent,look
4026,chant,singing
4027,verte,green
4028,couru,ran
4029,regardait,looked
4030,ford,Ford
4031,besoins,needs
4032,terroriste,terrorist
4033,assister,to assist
4034,bail,lease
4035,roue,wheel
4036,putes,whores
4037,sachez,know
4038,harold,Harold
4039,amenez,bring
4040,génération,generation
4041,causé,cause
4042,entraîneur,coach
4043,rigoles,laughs
4044,amanda,amanda
4045,présenté,present
4046,trompez,deceive
4047,mordu,bitten
4048,jacques,jacques
4049,fans,fans
4050,bourré,stuffed
4051,éliminer,eliminate
4052,enfoirés,bastards
4053,freddy,freddy
4054,bloc,block
4055,pourvu,provided
4056,décisions,decisions
4057,eve,Eve
4058,jacob,jacob
4059,symbole,symbol
4060,croirait,would believe
4061,sagesse,wisdom
4062,politiques,policies
4063,taux,rate
4064,nègre,Negro
4065,jetez,throw away
4066,malédiction,curse
4067,masse,mass
4068,phrase,sentence
4069,pompes,pumps
4070,reconnaissant,grateful
4071,pension,pension
4072,renoncer,give up
4073,sexuelle,sexual
4074,regardant,looking
4075,ordonne,ordered
4076,four,oven
4077,règne,reign
4078,saut,leap
4079,terreur,terror
4080,avaler,swallow
4081,ongles,nails
4082,pratiquement,practically
4083,laissons,let's leave
4084,jalouse,jealous
4085,outils,tools
4086,espérer,hope
4087,tueurs,killers
4088,terriblement,terribly
4089,charité,charity
4090,prêtes,ready
4091,écriture,writing
4092,oublies,forget
4093,adorent,love
4094,etje,and I
4095,luxe,luxury
4096,irez,will go
4097,ambassadeur,ambassador
4098,bush,bush
4099,arrêtera,will stop
4100,informer,inform
4101,orage,thunderstorm
4102,revenus,income
4103,pisse,piss
4104,renvoyé,returned
4105,sachant,knowing
4106,tombes,fallen down
4107,rois,kings
4108,époux,husband
4109,accueil,welcome
4110,relève,relieving
4111,judy,Judy
4112,aidez,help
4113,môme,kid
4114,diego,diego
4115,atmosphère,atmosphere
4116,routes,roads
4117,ravissante,lovely
4118,coach,coach
4119,ennui,boredom
4120,suffisant,sufficient
4121,poème,poem
4122,jouets,toys
4123,jennifer,jennifer
4124,usage,use
4125,prières,prayers
4126,revue,review
4127,adaptation,adaptation
4128,suffira,will suffice
4129,collège,college
4130,singes,monkeys
4131,otage,hostage
4132,apprécier,appreciate
4133,diplôme,diploma
4134,bâtard,bastard
4135,destination,destination
4136,analyse,analysis
4137,caroline,caroline
4138,demandent,ask
4139,décembre,December
4140,côtes,ribs
4141,casier,locker
4142,fermes,farms
4143,patrouille,patrol
4144,royal,royal
4145,tit,tit
4146,mérites,merits
4147,texte,text
4148,jusque,until
4149,tigre,tiger
4150,çà,That
4151,be,be
4152,médical,medical
4153,ieur,ieur
4154,svp,please
4155,ron,ron
4156,pouce,thumb
4157,plaisantez,joke
4158,requin,shark
4159,essentiel,essential
4160,espèces,species
4161,fruit,fruit
4162,came,cam
4163,cesser,cease
4164,allen,Allen
4165,teddy,teddy
4166,annulé,canceled
4167,dangereuse,dangerous
4168,poète,poet
4169,nanas,babes
4170,tiendra,will hold
4171,emmenez,take
4172,passerai,will pass
4173,automne,autumn
4174,habillé,dressed
4175,guerrier,warrior
4176,pique,spades
4177,savon,soap
4178,satisfait,satisfied
4179,sépare,separated
4180,agi,acted
4181,ordonné,ordered
4182,serre,tight
4183,neil,Neil
4184,cassée,broken
4185,deviez,had to
4186,arts,arts
4187,ramasser,pick up
4188,anthony,anthony
4189,baisser,lower
4190,pirates,pirates
4191,avertir,warn
4192,menacé,threat
4193,so,so
4194,détendre,loosen
4195,rembourser,repay
4196,fabrique,made
4197,métal,metal
4198,expliqué,explain
4199,lecture,reading
4200,josh,Josh
4201,attire,attracted
4202,carrément,downright
4203,irons,will go
4204,mere,mother
4205,combats,fights
4206,pensons,let's think
4207,mélange,blend
4208,travaillais,worked
4209,syndicat,union
4210,queique,queique
4211,indice,hint
4212,marines,marines
4213,enverrai,will send
4214,hill,hill
4215,processus,process
4216,joint,seal
4217,ouvriers,workers
4218,marques,brands
4219,dépassé,exceeds
4220,pa,pa
4221,ailles,wings
4222,bats,beat
4223,pourront,will be able to
4224,clown,clown
4225,poubelle,garbage can
4226,marins,sailors
4227,boisson,beverage
4228,vaincre,defeat
4229,combinaison,combination
4230,demandait,asked
4231,testament,will
4232,sonné,stunned
4233,flammes,flames
4234,dégueulasse,disgusting
4235,ø,ø
4236,administration,administration
4237,commissariat,police station
4238,envoyée,sent
4239,green,green
4240,dépose,deposit
4241,lâché,coward
4242,réveillée,awake
4243,épaules,shoulders
4244,jay,jay
4245,artistes,artists
4246,culotte,cheeky
4247,vides,empty
4248,er,er
4249,énormément,enormously
4250,team,team
4251,quittes,left
4252,accuse,accused
4253,magicien,Wizard
4254,importants,important
4255,direz,you will say
4256,fouiller,rummage
4257,paierai,will pay
4258,écoles,schools
4259,cm,cm
4260,reverra,will see again
4261,articles,items
4262,trône,throne
4263,laboratoire,laboratory
4264,Andrew,Andrew
4265,panier,basket
4266,endormi,asleep
4267,lave,wash
4268,buddy,buddy
4269,cuir,leather
4270,huh,huh
4271,foutus,fucked up
4272,resterai,will stay
4273,cendres,ashes
4274,stone,stone
4275,environnement,environment
4276,rumeur,rumor
4277,interrompre,interrupt
4278,vaudrait,would be worth
4279,matinée,morning
4280,risquer,risk
4281,tranquilles,quiet
4282,earl,earl
4283,transformer,transform
4284,planté,plant
4285,costumes,costumes
4286,mickey,Mickey
4287,machin,thing
4288,transport,transportation
4289,señor,senor
4290,indique,noted
4291,citoyen,citizen
4292,aurions,would have
4293,times,times
4294,viol,rape
4295,particulièrement,particularly
4296,pourrons,will be able to
4297,shirt,shirt
4298,connards,assholes
4299,casino,casino
4300,douter,doubt
4301,pendre,hang
4302,essaierai,will try
4303,accomplir,accomplish
4304,pipi,pee
4305,allumer,to light up
4306,reviennent,come back
4307,certes,certainly
4308,dessert,dessert
4309,curiosité,curiosity
4310,fraîche,fresh
4311,lié,related
4312,maurice,mauritius
4313,little,little
4314,disaient,said
4315,vodka,vodka
4316,pétrin,kneader
4317,témoignage,testimony
4318,déclare,declared
4319,scientifiques,scientists
4320,coco,coconut
4321,baissez,lower
4322,Anderson,Anderson
4323,censés,supposed
4324,Kansas,Kansas
4325,boules,balls
4326,sauras,will know
4327,éclair,flash
4328,vain,vain
4329,nuage,cloud
4330,création,creation
4331,anneau,ring
4332,fumier,manure
4333,rio,rio
4334,dose,dose
4335,profonde,deep
4336,étude,study
4337,atelier,workshop
4338,cuisiner,cook
4339,vaux,worth
4340,malheureuse,unhappy
4341,catholique,Catholic
4342,zoo,zoo
4343,précisément,precisely
4344,talents,talents
4345,activités,activities
4346,importantes,important
4347,bouteilles,bottles
4348,vomir,to vomit
4349,tonnerre,thunder
4350,ned,ned
4351,assuré,insured
4352,plantes,plants
4353,hong,hong
4354,destinée,destiny
4355,plaisanterie,joke
4356,circuit,circuit
4357,piges,freelancers
4358,Moore,Moore
4359,observer,observe
4360,mines,mining
4361,peindre,to paint
4362,porno,porn
4363,comtesse,countess
4364,casque,helmet
4365,rate,missed
4366,coûter,cost
4367,chacune,each
4368,Jamie,Jamie
4369,parent,parent
4370,dépression,depression
4371,télégramme,telegram
4372,élu,elected
4373,stupides,stupid
4374,pensiez,thought
4375,partant,leaving
4376,cash,cash
4377,profite,take advantage
4378,caution,bail
4379,serrer,to squeeze
4380,maudite,cursed
4381,intéresser,to interest
4382,écart,gap
4383,inquiètes,worried
4384,oú,Or
4385,évidence,evidence
4386,leçons,lessons
4387,connus,known
4388,etc,etc
4389,retiré,took of
4390,Greg,Greg
4391,rendent,make
4392,volontaire,voluntary
4393,nid,nest
4394,Oliver,Oliver
4395,he,Hey
4396,prêter,lend
4397,nichons,tits
4398,capitale,capital city
4399,témoigner,bear witness
4400,équipes,teams
4401,égoïste,self-centered
4402,partent,leave
4403,troupe,troop
4404,sincèrement,sincerely
4405,regretter,to regret
4406,responsabilités,responsibilities
4407,associés,associates
4408,cigare,cigar
4409,dean,dean
4410,partirai,will leave
4411,adversaire,opponent
4412,générale,general
4413,misère,misery
4414,vampires,vampires
4415,grève,strike
4416,Nina,Nina
4417,suisse,Swiss
4418,gâteaux,cakes
4419,diamant,diamond
4420,catastrophe,disaster
4421,meubles,furniture
4422,gus,gus
4423,voyages,travel
4424,subir,undergo
4425,balade,ride
4426,allah,Allah
4427,mêler,mix
4428,signez,sign
4429,enveloppe,envelope
4430,ressenti,feeling
4431,führer,fuhrer
4432,gras,fat
4433,arrêtée,stopped
4434,explose,explodes
4435,range,tidy
4436,interview,interview
4437,tombent,fall
4438,confier,entrust
4439,voile,veil
4440,fiches,sheets
4441,embête,bother
4442,caravane,caravan
4443,affection,affection
4444,Manhattan,Manhattan
4445,éléphant,elephant
4446,blue,blue
4447,vagues,waves
4448,pleins,full
4449,fascinant,fascinating
4450,doutais,doubted
4451,effrayant,scary
4452,commercial,commercial
4453,rapporter,report
4454,fonction,function
4455,fixe,fixed
4456,arrete,stopped
4457,pères,fathers
4458,circulation,traffic
4459,tennis,tennis
4460,navrée,sorry
4461,civilisation,civilization
4462,fameux,famous
4463,retenu,retained
4464,moutons,sheep
4465,draps,sheets
4466,servent,serve
4467,jouais,was playing
4468,éternelle,eternal
4469,couches,layers
4470,satellite,satellite
4471,ramasse,picked up
4472,endormir,fall asleep
4473,fillette,little girl
4474,rendra,will make
4475,sujets,topics
4476,remède,remedy
4477,portez,wear
4478,enseigner,teach
4479,observe,observed
4480,ouverts,open
4481,vues,views
4482,sortait,was going out
4483,passais,I was passing
4484,ris,laugh
4485,transfert,transfer
4486,bidon,can
4487,météo,weather report
4488,explosé,exploded
4489,loyauté,loyalty
4490,dignité,dignity
4491,planche,plank
4492,améliorer,improve
4493,hélicoptère,helicopter
4494,civil,civil
4495,liens,connections
4496,vif,lively
4497,maintenir,maintain
4498,Craig,Craig
4499,Vietnam,Vietnam
4500,Claude,Claude
4501,pacifique,peaceful
4502,fringues,clothes
4503,demie,half
4504,onze,eleven
4505,we,we
4506,mangent,eat
4507,connaissiez,knew
4508,rares,rare
4509,naturelle,natural
4510,sue,sue
4511,ricky,ricky
4512,assaut,assault
4513,fâchée,angry
4514,portent,carry
4515,kay,kay
4516,karl,Karl
4517,pareils,the same
4518,légal,legal
4519,tracy,tracy
4520,eus,had
4521,pr,pr
4522,civils,civilians
4523,inconnue,unknown
4524,eva,eva
4525,disparition,disappearance
4526,nicky,nicky
4527,steven,steven
4528,pompe,pump
4529,méchante,evil
4530,lancement,launch
4531,quartiers,neighborhoods
4532,douceur,candy
4533,tendu,tense
4534,feuille,leaf
4535,stuart,stuart
4536,leader,leader
4537,pilotes,pilots
4538,ètait,was
4539,mâle,male
4540,tenais,held on
4541,royale,royal
4542,cordes,ropes
4543,arrivez,arrive
4544,bandes,bands
4545,promenade,ride
4546,magnifiques,magnificent
4547,emma,emma
4548,wallace,wallace
4549,veronica,veronica
4550,tv,TV
4551,adn,dna
4552,monseigneur,My lord
4553,meure,die
4554,airs,tunes
4555,emmenée,taken away
4556,actuellement,Currently
4557,peste,plague
4558,Antonio,Antonio
4559,tragique,tragic
4560,médias,media
4561,antenne,antenna
4562,avertissement,warning
4563,brille,shines
4564,Pedro,Peter
4565,conflit,conflict
4566,pompiers,firefighters
4567,engin,machine
4568,douée,gifted
4569,oublions,let's forget
4570,plains,plains
4571,systèmes,systems
4572,foire,fair
4573,Sonny,Sonny
4574,patiente,patient
4575,coincée,stuck
4576,canons,cannons
4577,partira,will leave
4578,soutenir,sustain
4579,beach,beach
4580,poussez,PUSH
4581,saigne,bleeds
4582,toc,knock
4583,construction,construction
4584,boucher,butcher
4585,missiles,missiles
4586,compétition,competition
4587,buvons,let's drink
4588,motif,pattern
4589,ambassade,embassy
4590,warren,warren
4591,régiment,regiment
4592,remarquer,to remark
4593,enregistré,checked in
4594,collins,collins
4595,enregistrement,registration
4596,doutes,doubts
4597,sien,his
4598,profit,profit
4599,sammy,sammy
4600,audition,hearing
4601,lame,blade
4602,opportunité,opportunity
4603,scotch,Scotch
4604,imaginé,conceived
4605,coke,coke
4606,existent,exist
4607,budget,budget
4608,pearl,pearl
4609,basse,low
4610,selle,saddle
4611,déja,Already
4612,historique,historical
4613,officiellement,officially
4614,effacer,to erase
4615,loge,lodge
4616,francis,francis
4617,décrire,describe
4618,osé,dared
4619,éternel,eternal
4620,serpents,snakes
4621,demanderai,will ask
4622,médicament,medicine
4623,deviné,guess
4624,armées,armies
4625,promesses,promises
4626,chaînes,chains
4627,sentait,felt
4628,association,association
4629,viennes,come
4630,quai,dock
4631,poker,poker
4632,saleté,dirt
4633,sandy,sandy
4634,ã,has
4635,irak,Iraq
4636,commences,start
4637,crevé,flattened
4638,cuba,Cuba
4639,wendy,wendy
4640,profil,profile
4641,travis,travis
4642,tache,stain
4643,viendront,will come
4644,étudie,studied
4645,apportez,bring
4646,tribu,tribe
4647,crié,calls out
4648,entraîne,leads
4649,héroïne,heroin
4650,changements,changes
4651,joan,joan
4652,correctement,correctly
4653,essaient,try
4654,mouvements,movements
4655,atterrir,to land
4656,formes,shapes
4657,coca,Coca
4658,fragile,fragile
4659,poignée,handle
4660,cadre,frame
4661,genou,knee
4662,conçu,designed
4663,revu,reviewed
4664,légitime,legitimate
4665,sauvée,saved
4666,déménager,to relocate
4667,conne,cunt
4668,dentiste,dentist
4669,aiier,aiier
4670,ondes,waves
4671,ralph,ralph
4672,mené,led
4673,discipline,discipline
4674,évacuer,clear out
4675,parié,bet
4676,bières,beers
4677,Russell,Russell
4678,identifié,identified
4679,recevez,receive
4680,cachée,hidden
4681,évite,avoid
4682,dormais,was sleeping
4683,utilisez,use
4684,décès,death
4685,guy,guy
4686,get,get
4687,demoiselle,lady
4688,fui,fled
4689,ressemblent,look alike
4690,misérable,miserable
4691,fatigue,fatigue
4692,ancêtres,ancestors
4693,camions,trucks
4694,dormez,sleep
4695,pan,bang
4696,duré,hard
4697,disponible,available
4698,vôtres,yours
4699,cuit,cooked
4700,marchait,walked
4701,nage,swimming
4702,come,come
4703,suspects,suspects
4704,menottes,handcuffs
4705,nique,fuck
4706,panneau,sign
4707,rit,laughs
4708,pognon,money
4709,illusion,illusion
4710,menu,menu
4711,Ronnie,Ronnie
4712,établir,establish
4713,mettons,let's put
4714,retrouvée,found
4715,sabre,saber
4716,André,Andrew
4717,épuisé,exhausted
4718,restés,remains
4719,continues,continuous
4720,chanteur,singer
4721,kid,kid
4722,lola,lola
4723,prés,close
4724,tendance,tendency
4725,souvient,remembers
4726,enfermer,lock up
4727,thérapie,therapy
4728,vaisselle,dishes
4729,tournez,turn
4730,accorde,granted
4731,chemins,paths
4732,troupeau,herd
4733,saluer,greet
4734,uh,uh
4735,Kennedy,Kennedy
4736,nettoie,cleans
4737,assiette,plate
4738,discuté,discussed
4739,touches,keys
4740,impact,impact
4741,dessins,drawings
4742,rompre,to break up
4743,suivent,follow
4744,sienne,his
4745,verrons,we'll see
4746,angoisse,anguish
4747,états,states
4748,vivons,live
4749,Mitchell,Mitchell
4750,écrasé,crushed
4751,tiennent,hold
4752,pape,Pope
4753,connaissons,know
4754,Murphy,Murphy
4755,Ivan,Ivan
4756,supposé,Assumed
4757,colonne,column
4758,assistante,assistant
4759,mettrai,will put
4760,maquillage,makeup
4761,ticket,ticket
4762,réussite,success
4763,quête,quest
4764,boxe,boxing
4765,proposer,to propose
4766,boutons,buttons
4767,arriverait,would happen
4768,assassins,assassins
4769,répétition,repetition
4770,agissait,acted
4771,culpabilité,guilt
4772,pirate,pirate
4773,blanches,white
4774,brésil,Brazil
4775,penny,penny
4776,maîtres,masters
4777,psychiatre,psychiatrist
4778,miracles,miracles
4779,hello,Hello
4780,honorable,honorable
4781,collines,Hills
4782,vachement,really
4783,taureau,bull
4784,considère,considered
4785,âne,donkey
4786,whoa,whoa
4787,comprennent,understand
4788,Christian,Christian
4789,Justin,Justin
4790,méthodes,methods
4791,canal,channel
4792,navette,shuttle
4793,Tyler,Tyler
4794,légère,light
4795,sortant,outgoing
4796,chaussettes,socks
4797,revanche,revenge
4798,remet,hands over
4799,mentez,lie
4800,bud,bud
4801,Abby,Abby
4802,poils,fur
4803,placer,to place
4804,absent,absent
4805,arrivais,arrived
4806,escaliers,stairs
4807,funérailles,funeral
4808,routine,routine
4809,noté,note
4810,prenais,took
4811,conducteur,driver
4812,subi,suffered
4813,photographe,photographer
4814,noires,black
4815,marchandise,merchandise
4816,prendrais,would take
4817,émotion,emotion
4818,défaut,default
4819,satan,Satan
4820,occuperai,will occupy
4821,dog,dog
4822,mystérieux,mysterious
4823,carmen,carmen
4824,possession,possession
4825,responsables,responsible
4826,raccroche,hang up
4827,intentions,intentions
4828,minimum,minimum
4829,négocier,negotiate
4830,janvier,January
4831,baraque,shack
4832,batte,bat
4833,irlandais,Irish
4834,filet,net
4835,confortable,comfortable
4836,fermés,closed
4837,ressources,resources
4838,rayons,rays
4839,innocente,innocent
4840,Harvard,Harvard
4841,expédition,shipping
4842,may,may
4843,profession,occupation
4844,plaira,will please
4845,bêtise,stupidity
4846,restant,remaining
4847,jugé,judge
4848,Mitch,Mitch
4849,organise,organized
4850,rappelé,recalled
4851,puissante,powerful
4852,pertes,losses
4853,saurait,would know
4854,planque,hideout
4855,ressentir,to feel
4856,grotte,cave
4857,gentiment,kindly
4858,péter,to fart
4859,chienne,female dog
4860,tristesse,sadness
4861,héritage,legacy
4862,occupera,will occupy
4863,Benjamin,Benjamin
4864,Antoine,Anthony
4865,bloqué,blocked
4866,punition,punishment
4867,constamment,constantly
4868,contents,happy
4869,visites,visits
4870,infiniment,infinitely
4871,effectivement,Effectively
4872,chiffre,figure
4873,conscient,aware
4874,manager,manager
4875,représentant,representative
4876,anglaise,English
4877,cauchemars,nightmares
4878,Jan,Jan
4879,continué,keep on going
4880,réduit,reduced
4881,gré,free will
4882,filmé,filmed
4883,stars,stars
4884,Owen,Owen
4885,embrassé,kissed
4886,peint,painted
4887,reparti,left again
4888,soie,silk
4889,Lloyd,Lloyd
4890,voisine,neighbor
4891,douzaine,dozen
4892,frankenstein,frankenstein
4893,attaques,attacks
4894,gênant,embarrassing
4895,superman,superman
4896,arrivant,arriving
4897,brillante,brilliant
4898,atterrissage,landing
4899,attendra,will wait
4900,allure,allure
4901,pénible,hard
4902,faibles,weak
4903,clef,key
4904,Bruno,Bruno
4905,Christine,Christina
4906,Rebecca,Rebecca
4907,bang,bang
4908,pété,farted
4909,gardiens,guardians
4910,formule,formula
4911,soda,soda
4912,frites,fries
4913,fées,fairies
4914,angel,angel
4915,mm,mm
4916,aperçu,preview
4917,imaginais,imagined
4918,aussitôt,right away
4919,énormes,huge
4920,wade,wade
4921,choisit,chooses
4922,montée,climb
4923,baignoire,bathtub
4924,principes,principles
4925,homo,homo
4926,marchand,merchant
4927,cochons,pigs
4928,spécialiste,specialist
4929,repéré,spotted
4930,récupéré,recovered
4931,extra,extra
4932,éclate,bursts
4933,survivants,survivors
4934,auquel,to which
4935,apparence,appearance
4936,sucer,suck
4937,habiter,live
4938,excité,excited
4939,Houston,Houston
4940,jules,jules
4941,foudre,lightning
4942,chasseurs,hunters
4943,walker,walker
4944,with,with
4945,nièce,niece
4946,urgences,EMERGENCIES
4947,mérité,deserved
4948,dépensé,spent
4949,boys,boys
4950,saisir,to input
4951,équilibre,balance
4952,allumé,alight
4953,lâches,cowards
4954,bruits,noises
4955,protégé,protected
4956,résolu,resolved
4957,probable,likely
4958,poursuite,pursuit
4959,baker,baker
4960,résidence,residence
4961,cognac,cognac
4962,Clyde,Clyde
4963,muscles,muscles
4964,passées,past
4965,intime,respondent
4966,république,Republic
4967,serviteur,servant
4968,noyer,walnut
4969,mortes,dead
4970,trompée,deceived
4971,morgue,morgue
4972,cherchons,are looking for
4973,coma,coma
4974,capables,capable
4975,berger,shepherd
4976,apprendra,will learn
4977,amateur,amateur
4978,dises,say
4979,vertu,virtue
4980,permets,allow
4981,mafia,mafia
4982,engagement,commitment
4983,lesquelles,which
4984,cachette,hiding place
