french,english
je,I
de,of
est,East
pas,not
le,THE
vous,YOU
la,there
tu,you
que,that
un,A
il,he
et,And
à,has
a,has
ne,born
les,THE
ce,This
en,in
on,we
ça,That
une,a
ai,have
pour,For
des,of the
moi,Me
qui,Who
nous,We
y,y
mais,but
me,me
dans,In
du,of
bien,GOOD
elle,She
si,if
tout,All
plus,more
non,No
mon,My
suis,am
te,you
au,At
avec,with
va,go
oui,Yes
toi,You
fait,do
ils,they
as,ace
être,be
faire,TO DO
se,se
comme,as
était,was
sur,on
quoi,What
ici,here
sais,know
lui,him
veux,want
ma,my
là,there
rien,Nothing
dit,said
es,are
où,Or
votre,your
pourquoi,Why
sont,are
cette,this
quand,When
par,by
son,her
ton,your
peux,can
vais,go
dire,say
alors,SO
comment,how
avez,have
bon,Good
ou,Or
très,very
merci,THANKS
ont,have
même,even
jamais,Never
aussi,Also
voir,see
chose,thing
allez,Go on
tous,all
deux,two
ces,these
faut,must
sa,her
êtes,are
été,summer
ta,your
fais,do 
avoir,to have
peut,can
autre,other
m,m
encore,Again
maintenant,NOW
peu,little
mes,my
vraiment,Really
temps,time
notre,OUR
toujours,always
vie,life
sans,without
juste,just
oh,Oh
avait,had
accord,agreement
vu,seen
monde,world
quelque,some
fois,times
aller,go
trop,too much
viens,come
crois,believe
dieu,God
dois,have to
homme,man
père,father
sûr,on
aux,to
leur,their
avant,Before
étais,was
besoin,need
femme,women
aime,love
personne,person
avais,had
chez,at the house of
vrai,TRUE
ans,years
mal,wrong
ses,his
parler,talk
vos,your
après,After
mort,dead
veut,wanna
eu,had
sera,will be
bonne,Good
parce,because
mieux,better
petit,little
voilà,There
tes,your 
ca,That
dis,say
beaucoup,a lot
depuis,Since
doit,must
vois,see 
mère,mother
vas,go
monsieur,Sir
quel,what
déjà,Already
fille,girl
gens,people
donc,SO
jour,day
soir,evening
autres,others
toute,all
bonjour,Good morning
maison,House
nom,name
argent,money
nos,our
ouais,Yeah
pense,think
merde,shit
nuit,night
papa,dad
cela,that
salut,Hi
cet,this
avons,have
reste,stay
désolé,Sorry
maman,Mom
peur,fear
arrive,arrived
seul,alone
vite,quickly
prendre,take
regarde,look at
air,air
soit,either
trois,three
quelle,what
passé,pass
savoir,know
plaît,please
choses,things
moins,less
fils,son
entre,between
bas,down
appelle,calls
passe,pass
ah,oh
tête,head
demain,tomorrow
grand,big
arrête,stopped
faites,do
voulez,want
hé,Hey
attends,hold on
hein,eh
enfants,children
assez,enough
raison,reason
aurais,would have
voulais,wanted
elles,they
parle,speak
ok,OK
jours,days
dû,of
moment,moment
heure,hour
puis,Then
gars,guys
hommes,men
amour,love
tard,late
toutes,all
sommes,are
tuer,kill
eh,eh
ami,friend
connais,know
petite,small
aider,help
chance,chance
savez,know
partir,leave
sait,knows
combien,How much
voiture,car
tant,so much
pris,taken
part,go
problème,issue
prends,take
porte,door
coup,cut
serait,would be
venir,come
famille,family
travail,work
pu,could
seule,alone
sens,sense
ni,neither
allons,let's go
revoir,goodbye
idée,idea
putain,whore
passer,pass
contre,against
comprends,understand
entendu,heard
trouvé,find
trouver,find
vieux,old
vient,come
pendant,during
aurait,would have
quelques,a few
attention,attention
demande,request
chercher,seek
sous,below
voici,here is
pourrait,could
sang,blood
pouvez,can
sortir,to go out
question,question
histoire,history
amis,friends
venez,come
frère,brother
rester,stay
fini,finished
ville,city
nouveau,new
truc,thing
tiens,hold
mois,month
eux,them
mec,dude
yeux,eyes
laisse,leave alone
super,great
belle,beautiful
longtemps,a long time
police,police
eau,water
heures,hours
car,because
importe,imported
cas,case
vont,are going
chaque,each
terre,earth
place,place
tué,kill
type,kind
main,hand
pardon,pardon
ensemble,together
seulement,only
guerre,war
beau,beautiful
vers,towards
prie,pray
devant,in front
trouve,find
partie,part
suite,following
compris,Understood
matin,Morning
leurs,their
aucun,none
arrivé,arrived
dessus,above
chérie,Dear
mettre,put
aide,help
étaient,were
perdu,lost
fin,END
sois,be
premier,first
genre,gender
aimerais,would like to
droit,right
donne,given
attendez,wait
jeune,young
feu,fire
devrais,should
enfant,child
chambre,bedroom
gros,fat
côté,side
venu,came
loin,far
laisser,to leave 
donner,give
jouer,play
savais,knew
compte,account
s,s
parlé,speak
minutes,minutes
regardez,look
train,train
première,first
pouvoir,power
aura,will have
mourir,die
dernière,last
donné,given
mari,husband
écoute,listen
enfin,Finally
devrait,should
mis,put
film,movie
aucune,none
fort,strong
façon,way
pays,country
prêt,ready
madame,Mrs
femmes,women
affaire,affair
pourrais,could
espère,hope
parti,left
h,h
boulot,job
endroit,place
fou,mad
corps,body
hier,yesterday
dont,of which
désolée,Sorry
grande,big
point,point
cinq,five
dehors,out
filles,girls
cause,cause
vivre,live
près,close
pensais,thought
garçon,boy
chef,chief
haut,high
capitaine,captain
dirait,would say
bébé,baby
celui,the one
demandé,request
possible,possible
mains,hands
ainsi,Thus
quatre,four
nouvelle,new
années,years
plein,full
semaine,week
dites,say
croire,believe
marche,walk
tour,round
école,school
manger,eat
plutôt,instead
docteur,doctor
ceux,those
vérité,truth
vue,view
arrêter,Stop
essaie,try
envie,envy
bientôt,Soon
instant,moment
dernier,last
affaires,business
arriver,arrive
demander,ask
meilleur,best
font,make
derrière,behind
c,vs
dollars,dollars
presque,almost
dr,Dr.
tellement,such
tomber,to fall
journée,daytime
voulait,wanted to
appeler,to call
bureau,desk
confiance,trust
garde,guard
attendre,to wait for
numéro,number
serai,will be
dur,hard
á,has
souviens,remember
o,o
voyez,see
cours,course
bonsoir,Good evening
route,road
fera,will do
prend,takes
cul,ass
abord,on board
important,important
peine,penalty
croyais,believed
mot,word
devez,must
suffit,enough
minute,minute
ferme,farm
ben,well
plaisir,pleasure
chien,dog
jeu,game
seigneur,lord
messieurs,gentlemen
calme,calm
voudrais,would like
heureux,happy
prenez,take
mariage,marriage
voit,see
parents,parents
lls,they
dedans,inside
entrer,enter
lit,bed
parfait,Perfect
fous,crazy
mlle,Miss
rentrer,to return
ait,have
musique,music
arrêtez,stop
autant,as much
service,service
reviens,come back
ceci,this
drôle,funny
attend,waits
parfois,Sometimes
téléphone,phone
retour,back
ira,will go
e,e
pauvre,poor
verre,glass
général,general
new,new
six,six
pensé,think
l,L
impossible,impossible
fête,party
adore,love
coeur,heart
aimes,love
ci,this
ferai,will do
président,president
doute,doubt
facile,easy
entends,hear
payer,pay
appelé,called
prison,prison
john,john
sors,go outside
café,coffee
vaut,worth
mauvais,bad
chéri,Dear
oublié,forget
bras,arm
i,i
gentil,kind
faute,mistake
équipe,team
exactement,Exactly
cœur,heart
penser,think
changer,to change
commence,begin
lieu,place
entendre,hear
ies,ies
roi,king
plan,plan
partout,everywhere
joue,plays
cher,Dear
morts,dead
rendre,give back
écrit,writing
travailler,to work
malade,sick
sinon,Otherwise
génial,awesome
regarder,look
veulent,want
montrer,to show
rentre,go home
travaille,work
armée,army
voulu,desired
cherche,look for
état,state
boire,drink
sécurité,security
dès,of the
esprit,spirit
année,year
dix,ten
york,york
laissé,leave alone
bois,drink
mets,put
propre,own
soyez,be
jack,jack
essayer,to try
faisait,did
tôt,early
surtout,Above all
arme,armed
t,t
rêve,dream
perdre,lose
avis,notice
semble,seems
pire,worse 
simple,simple
penses,think
parles,speak
paix,peace
livre,book
dormir,sleep
voyons,let's see
difficile,difficult
retard,delay
allait,was going to
d,d
sujet,subject
appris,learned
ensuite,Next
sauf,except
maître,master
morte,dead
noir,black
or,gold
dîner,dinner
choix,choice
serais,would be
écoute,listen
sale,dirty
étiez,were
sûrement,certainly
an,year
ordre,order
souvent,often
essayé,try
peuvent,can
visage,face
bout,end 
changé,exchange
sérieux,serious
inquiète,worry
âge,age
photo,photo
rue,Street
tirer,to pull
comprendre,to understand
face,face
semaines,weeks
marché,walk
questions,questions
honneur,honor
ciel,sky
allé,go
garder,keep
chemin,path
grave,severe
gauche,LEFT
petits,small
courant,fluent
amie,friend
nouvelles,news
avion,plane
con,idiot
content,thrilled
force,strength
millions,million
oublie,forget
devoir,duty
prochaine,next
prix,price
propos,about
bateau,boat
bouge,move
voix,voice
rouge,red
restez,stay
celle,that
pouvais,could
personnes,people
ferais,would do
début,beginning
espèce,species
gueule,mouth
acheter,buy
continue,keep on going
sort,spell
faim,hunger
long,long
j,j
voyage,journey
message,message
sorte,sort
reçu,received
bienvenue,Welcome
idiot,silly
certains,some
hôpital,hospital
promis,promised
devenir,become
ouvre,opens
grâce,grace
sûre,safe
problèmes,problems
armes,weapons
trucs,stuff
camp,camp
allais,were going
occupe,busy
devait,had to
manque,lack
connaissez,know
thé,tea
avaient,had
cheveux,hair
soleil,sun
salle,room
gagner,earn
laissez,let
erreur,error
cru,believed
pars,leave
bizarre,weird
croyez,believe
sac,bag
hôtel,hotel
oncle,uncle
pièce,piece
pouvait,could
fond,bottom
soirée,evening
secret,secret
patron,boss
rapport,report
apprendre,learn
commencé,begin
sauver,save
seconde,second
pensez,think
allô,Hello
ailleurs,elsewhere
agent,agent
froid,cold
seras,will be
pied,foot
jolie,pretty
revenir,to come back
scène,scene
pieds,feet
n,not
devons,must
groupe,band
carte,map 
aurai,will have
effet,effect
neuf,nine
fallait,had to
monte,mounted
battre,beat
noël,Christmas
venue,coming
mots,words
tire,drawn
droite,RIGHT
libre,free
soeur,sister
situation,situation
seront,will be
faux,fake
bordel,mess
foutre,cum
lumière,light
euh,uh
incroyable,amazing
tue,kill
joli,pretty
connaît,knows
debout,standing
colonel,colonel
cheval,horse
écoutez,Listen
george,george
joe,joe
vieille,old
entrez,Come in
intérieur,interior
coin,corner
auras,will have
gagné,won
fric,money
loi,law
absolument,absolutely
dame,lady
cool,cool
magnifique,Magnificent
dos,back
occuper,to occupy
présent,here
retrouver,find
réussi,successful
frank,frank
rencontrer,meet
aviez,had
meilleure,best
âme,soul
prêts,loans
doucement,gently
table,table
lettre,letter
rappelle,remember
sam,sat
fut,was
risque,risk
ordres,orders
appel,call
commencer,to start
terminé,finished
agit,acts
blanc,white
sœur,sister
pareil,The same
charlie,Charlie
chaud,hot
finir,finish
touche,touch
avance,advance
ignore,ignore
meurtre,murder
tranquille,calm
anniversaire,birthday
déjeuner,lunch
disais,said
bord,edge
tom,Tom
jeunes,youth
accident,accident
parlez,speak
fasse,do
complètement,completely
déteste,hated
clair,clear
marcher,to walk
disait,said
mauvaise,bad
envoyé,sent
â,has
professeur,teacher
heureuse,happy
doivent,must
midi,noon
lire,read
moyen,AVERAGE
ferait,would do
commandant,commanding officer
vraie,true
sept,seven
forme,shape
tombe,fall
silence,silence
sortez,go out
connaître,to know
puisse,can
cadeau,gift
flics,cops
mer,sea
médecin,doctor
exact,exact
décidé,decided
moitié,half
surprise,surprise
avocat,lawyer
montre,watch
b,b
su,know
porter,to carry
télé,TV
vivant,alive
jure,sworn
disent,say
mr,mr
serez,will be
devriez,should
devenu,became
aimé,love
diable,devil
ligne,line
mission,assignment
suppose,Assumed
chacun,each
autour,around
pote,pal
grosse,fat
expliquer,explain
arrivée,arrival
monter,to go up
balle,ball
selon,according to
photos,Pictures
contrôle,control
prête,ready
anglais,English
sorti,got out
k,k
bons,good
disparu,disappeared
tenir,hold
simplement,simply
quitter,to leave
envoie,send
paul,paul
aimer,to like
voie,way
paris,Paris
classe,class
huit,eight
offre,offer
poste,job
dangereux,dangerous
attaque,attack
impression,impression
folle,crazy
michael,michael
mange,eat
bravo,well done
arrière,back
amérique,America
suivre,follow
aille,go
oublier,forget
peuple,people
baiser,kiss
rencontré,encounter
honte,shame
connard,asshole
trou,hole
retourner,return
chanson,song
change,exchange
arrêté,stopped
enfer,hell
écrire,to write
livres,books
habitude,habit
réponse,answer
david,David
lieutenant,lieutenant
savait,knew
radio,radio
tenez,hold
bande,band
bob,bob
rend,makes
compagnie,company
connu,known
secours,relief
danse,dance
met,puts
vol,flight
vit,lives
conneries,bullshit
aurez,will have
imagine,conceived
boîte,box
joué,plays
triste,sad
sud,south
lu,read
tel,such
merveilleux,wonderful
pute,whore
aie,Ouch
ressemble,looks like
coucher,to sleep
ennuis,trouble
volé,stolen
sortie,exit
devais,had to
combat,fight
bouche,mouth
certain,certain
visite,visit
existe,exist
bête,beast
retourne,return
approche,approach
pourtant,Yet
plusieurs,several
rire,laugh
but,aim
sergent,sergeant
public,audience
système,system
présente,present
dirai,will say
faudra,will be necessary
écouter,listen
hors,out
exemple,example
vendre,sell
continuer,continue
coups,blows
pourra,will be able to
sympa,nice
nord,north
cuisine,kitchen
époque,era
grands,big
héros,hero
étrange,odd
avenir,future
danger,hazard
envoyer,send
gouvernement,government
danser,to dance
lune,moon
etre,be
poser,to set down
partez,leave
normal,normal
peau,skin
santé,health
ecoutez,Listen
ouvrir,open
nez,nose
secondes,seconds
amoureux,lover
dommage,Shame
pleine,full
mille,thousand
banque,bank
voler,fly
clé,key
bonnes,good
paraît,appears
servir,serve
journal,newspaper
village,village
tient,is holding
flic,cop
salaud,bastard
juge,judge
tiré,drawn
cour,court
assis,sat
bruit,noise
terrible,terrible
prochain,next
inspecteur,inspector
liberté,freedom
blague,joke
robe,dress
crime,crime
bière,beer
tas,heap
viennent,are coming
don,Don
reine,queen
protéger,protect
seuls,alone
préfère,favorite
bar,bar
dingue,crazy
vent,wind
pitié,pity
croit,believes
payé,paid
travers,through
club,club
garçons,boys
conseil,advice
mesdames,ladies
sol,ground
bonheur,happiness
rêves,dreams
centre,center
thé,tea
mêmes,same
avions,planes
mike,mike
nulle,nothing
stupide,stupid
pouvons,can
vin,wine
tante,aunt
sent,feels
fiche,form
milieu,medium
signe,sign
unis,United
appelez,call
départ,departure
inutile,useless
emmener,take away
comprenez,understand
liste,list
gamin,kid
johnny,johnny
hey,hey
prise,socket
savent,know
différent,different
verra,will see
probablement,probably
intérêt,interest
choisi,selected
parole,speech
ennemi,enemy
vêtements,clothes
aimez,love
recherche,research
société,Company
faisais,did
peter,to fart
œil,eye
soin,care
chère,dear
tourne,turned
ià,here
descendre,to come down
félicitations,Congratulations
pose,laid
position,position
oeil,eye
vouloir,to want
mecs,guys
irai,will go
spectacle,show
acheté,bought
laquelle,which
rôle,role
intéresse,interested
utiliser,to use
match,match
devient,becomes
quitté,quits
asseoir,Sit
environ,approximately
plait,please
mur,wall
blessé,hurt
mise,putting
harry,Harry
you,you
beauté,beauty
salope,slut
parie,bet
sert,serves
soldats,soldiers
films,movies
américain,American
marier,marry
entrée,entrance
soldat,soldier
ouvert,open
sauter,jump
londres,London
eiie,eiie
lequel,which
lâche,coward
église,church
pierre,rock 
art,art
fenêtre,window
humain,human
tort,wrong
cerveau,brain
coupable,guilty
petites,small
promets,promise
adresse,address
prince,prince
quartier,neighborhood
espoir,hope
conduire,to drive
auriez,would have
ridicule,ridiculous
justice,justice
rose,pink
venus,Venus
max,max
jimmy,jimmy
presse,press
adieu,farewell
revient,come back
expérience,experience
présenter,to present
tombé,fall
faisons,let's do
épouser,marry
frères,brothers
veuillez,please
revenu,income
colère,anger
bill,bill
vis,screw
james,James
pourriez,could
jim,jim
intéressant,interesting
ouvrez,open
nature,nature
gosse,kid
taxi,Taxi
fier,proud
preuve,evidence
riche,rich
faudrait,should
base,base
fleurs,flowers
vide,empty
portes,doors
mademoiselle,miss 
formidable,tremendous
nul,null
directeur,director
chanter,sing
contact,contact
histoires,stories
marié,married
défense,defense
répondre,answer
excuse,excuse
responsable,responsible
deuxième,second
mary,mary
san,san
appartement,apartment
décision,decision
cinéma,movie theater
jeter,throw
aimais,loved
cacher,hide
glace,ice
occasion,occasion
dents,teeth
vacances,vacation
course,race
ravi,delighted
tueur,killer
sentir,feel
courage,courage
jésus,Jesus
allée,aisle
capable,able
essayez,try
sauvé,Safe
longue,long
parmi,among
continuez,continue
paie,pay
superbe,stunning
français,French
souvenir,memory
ouest,west
dégage,cleared
jambes,legs
coupe,cut
immédiatement,immediately
machine,machine
épouse,marry
telle,such
marie,married
mien,mine
pius,more
certainement,certainly
bombe,bomb
types,types
p,p
né,born
manière,manner
gagne,won
prévu,foreseen
chier,take a dump
trouves,found
u,u
idées,ideas
touché,touch
rendu,rendered
monstre,monster
km,km
retrouve,find
ha,Ha
f,f
importance,importance
joie,joy
dérange,disturbs
arrivent,arrive
court,short
pont,bridge
foutu,fucked up
bain,bath
oubliez,forget
tourner,turn
contente,satisfied
attendais,was waiting
cent,hundred
enchanté,delighted
signifie,means
américains,Americans
quitte,quits
poisson,fish
henry,henry
ayez,have
terrain,ground
enquête,investigation
horrible,horrible
chat,cat
certaines,some
r,r
camion,truck
copine,girlfriend
joyeux,happy
shérif,sheriff
ramener,to bring back
descends,go down
éviter,avoid
projet,project
and,and
dossier,case
respect,respect
excellent,excellent
envers,towards
mariée,bride
occupé,busy
lorsque,when
blanche,white
majesté,majesty
rencontre,encounter
toucher,to touch
ange,angel
refuse,denied
charge,charge
billy,billy
chevaux,horses
v,v
chiens,dogs
empêcher,to prevent
dure,hard
zone,area
faits,facts
animaux,animals
meilleurs,best
plupart,mostly
emmène,take
étions,were
politique,policy
chaussures,shoes
langue,language
mangé,eat
douleur,pain
planète,planet
offrir,to offer
règles,rules
drogue,drug
réalité,reality
bus,bus
enfoiré,Motherfucker
dirais,would say
permis,permit
vécu,lived
chapeau,hat
île,island
réunion,meeting
soient,be
contraire,opposite
tony,Tony
mettez,put
nick,nick
arrivera,to arrive at
excuser,excuse
code,coded
couleur,color
rapide,fast
raconte,tell
papier,paper
discuter,discuss
opération,operation
cartes,cards
nourriture,food
entier,entire
nécessaire,necessary
frais,costs
toilettes,bathroom
spécial,special
vaisseau,vessel
action,action
princesse,princess
magasin,store
copain,boyfriend
sache,know
bu,drank
steve,steve
découvert,discovered
pain,bread
mignon,cute
taille,size 
sacré,sacred
rends,give back
eddie,eddie
double,double
viendra,will come
imbécile,imbecile
essaye,try
champ,field
personnel,staff
client,customer
lait,milk
contrat,CONTRACT
partis,gone
sexe,sex
mienne,mine
repas,meal
mémoire,memory
destin,fate
direction,direction
dors,sleep
faite,done 
pleurer,cry
couteau,knife
malin,clever
remettre,to put back
ray,ray
témoin,witness
restes,remains
mètres,meters
trésor,treasure
gosses,kids
aiment,love
washington,Washington
habite,reside
foi,faith
puisque,since
apporté,brought
solution,solution
trouvez,find
nouveaux,new
réfléchir,to reflect on
choisir,choose
goût,taste
remercie,thanks
détruire,destroy
université,university
doux,soft
beaux,beautiful
raconter,tell
vitesse,speed
menti,lied
três,very
procès,trial
enceinte,pregnant
amuser,amuse
niveau,level
vus,seen
miss,miss
fermer,close
arranger,arrange
end,end
clients,clients
rappeler,remind
Alex,Alex
failli,bankrupt
arbre,TREE
papiers,papers
Sarah,Sarah
mérite,deserved
différence,difference
travaillé,work
disons,let's say
bleu,blue
dise,say
aimait,loved
appelles,call
espace,space
caméra,camera
censé,supposed
qu,that
piste,track
sourire,smile
courir,run
accepter,accept
retrouvé,found
charles,Charles
jambe,leg
angleterre,England
quels,which
préparer,prepare
marre,fed up
forces,strengths
tirez,PULL
énorme,huge
Danny,Danny
trés,very
invité,guest
rentré,go home
officier,officer
pièces,pieces
lettres,letters
file,file
programme,program
tommy,Tommy
arrêt,stop
fout,fuck
balles,balls
flingue,gun
chasse,hunting
regrette,regret
to,to
propres,clean
victime,victim
appartient,belongs
france,France
unique,unique
régler,adjust
moindre,lesser
compter,count
voitures,cars
énergie,energy
fil,thread
lycée,high school
crise,crisis
stop,stop
image,picture
vérifier,check
dimanche,Sunday
appareil,device
justement,exactly
richard,richard
noms,names
million,million
cassé,broken
enlever,to remove
clés,keys
noire,black
man,man
dépend,depends
derniers,last
doigts,fingers
réponds,answer
honnête,honest
prouver,prove
preuves,evidence
durant,during
souris,mouse
entendez,hear
lever,lift
oiseau,bird
belles,beautiful
oû,Or
apporte,brought
grandes,large
morceau,piece
bobby,bobby
bougez,move
amène,bring
interdit,forbidden
présence,presence
récupérer,to recover
quelles,what
manqué,lack
cou,neck
venait,came
étage,floor
regard,glance
bouger,to move
finalement,Ultimately
couper,cut
urgence,emergency
perds,lose
points,points
meurt,dies
partons,let's leave
troisième,third
savons,soaps
folie,madness
ancien,ancient
chante,sung
obtenir,get
répète,say again
toit,roof
humains,humans
robert,robert
jardin,garden
métier,job
poche,poached
méchant,wicked
paradis,heaven
proche,close
rejoindre,join
lors,during
nombre,number
crains,fear
règle,ruler
frapper,hit
intention,intention
succès,success
forte,strong
gentille,kind
campagne,campaign
raisons,reasons
malgré,despite
alcool,alcohol
regardé,look at
jerry,jerry
billets,tickets
fantastique,fantastic
lee,lee
théâtre,theater
vôtre,your
samedi,SATURDAY
pluie,rain
fermé,farm
relation,relationship
frappé,struck
restaurant,restaurant
douce,gentle
maladie,disease
parlait,spoke
raté,missed
casse,broken
dessous,below
pourrai,could
victoire,victory
voudrait,would like
remarqué,REMARK
assurer,ensure
pleure,cry
bouteille,bottle
gare,station
carrière,career
sentiments,feelings
suivi,follow up
vies,lives
fiston,son
vendu,sold
attendant,waiting
pourras,will be able to
amoureuse,in love
mens,mens
falloir,to need
chinois,Chinese
étranger,stranger
appelait,called
assure,ensures
étant,being
queue,tail
odeur,smell
enlève,remove
produit,product
meurs,die
secrets,secrets
pression,pressure
fatigué,fatigue
aies,ouch
plage,beach
okay,okay
animal,animal
frappe,struck
montagne,mountain
coffre,chest
passage,passage
suivant,following
signal,signal
discours,speech
cents,cents
claire,clear
g,g
rivière,river
costume,suit
prendra,will take
souhaite,wish
hasard,chance
journaux,newspapers
aveugle,blind
lis,read
demandez,ask
retraite,retirement
afin,in order to
vendredi,Friday
van,van
auraient,would have
obligé,obliged
major,major
neige,snow
remercier,thank
fusil,gun
gardes,guards
faible,weak
pauvres,poor
noirs,black
gâteau,cake
cesse,cease
parfaitement,perfectly
excuses,apologies
viande,meat
ministre,minister
univers,universe
vienne,come
utile,useful
demandais,asked
crétin,dumbass
gaffe,blunder
cache,hidden
disant,saying
décider,decide
dort,sleeps
gaz,gas
blancs,whites
connaissance,awareness
vouliez,wanted
jake,jake
vidéo,video
bataille,battle
vive,long live
anna,anna
martin,martin
iui,iui
os,bone
entend,hears
jeux,games
will,will
verras,will see
date,date
échapper,escape
naissance,birth
droits,rights
assassin,assassin
attendu,expected
montez,go up
nouvel,new
pensent,think
génie,genius
sérieusement,seriously
cible,target
prépare,prepared
agir,to act
militaire,military
futur,future
attraper,catch
bal,ball
europe,Europe
californie,California
donnez,give
cousin,cousin
vert,Green
poids,weight
volonté,will
ventre,belly
accepte,accepted
amené,bring
recevoir,receive
inquiétez,worry
perd,lose
autrement,otherwise
informations,information
titre,title
célèbre,famous
couple,couple
sexy,sexy
serons,will be
certaine,certain
parlons,let's talk
star,star
étoiles,stars
rome,Rome
los,the bone
répondu,answered
resté,stay
charmant,charming
puissant,powerful
zéro,zero
genoux,knees
mine,mine
couilles,balls
pilote,pilot
maria,maria
style,style
ramène,brings back
voulons,want to
embrasser,to kiss
amener,to bring
valeur,value
fortune,fortune
reprendre,to resume
revenez,come back
vieil,old
walter,walter
servi,served
arrivés,arrived
lève,survey
voleur,thief
côtés,sides
chris,Chris
note,note
préféré,favorite
couché,layer
milliers,thousands
aéroport,airport
prévenir,prevent
château,castle
apparemment,apparently
gardez,keep
privé,private
détails,details
larry,larry
direct,direct
reposer,to rest
commande,order
cherchez,search
fer,iron
conduit,led
conscience,awareness
oreilles,ears
conversation,conversation
regardes,look
joues,play
ennemis,enemies
attendent,wait
article,article
dieux,gods
talent,talent
aise,easy
poulet,chicken
passée,past
comprend,understand
gorge,throat
feras,will do
tribunal,court
découvrir,discover
agréable,pleasant
jette,throws
test,test
emmerde,fuck
détruit,destroy
nerveux,nervous
saint,Holy
marrant,funny
joindre,join
sentiment,feeling
lance,spear
humaine,human
acte,act
jane,jane
pis,worse
enculé,motherfucker
tuée,killed
saura,will know
doigt,finger
pourrez,will be able to
passera,will pass
horreur,horror
comptes,accounts
dernières,latest
violence,violence
fumer,to smoke
invités,guests
parlais,spoke
job,job
salon,living room
défendre,defend
mariés,married
rock,rock
apporter,bring
coupé,cut
repos,rest
paquet,pack
page,page
utilise,used
victimes,victims
sage,wise
aidé,help
intelligent,clever
ombre,shadow
vache,cow
désert,desert
forêt,forest
parfaite,perfect
tombée,fallen
extérieur,outside
entré,between
série,series
concerne,concerned
paroles,words
dira,will say
it,it
champion,champion
fbi,FBI
lundi,Monday
moteur,engine
ouverte,opened
mince,thin
al,al
russe,Russian
grandi,grown up
rappelles,remind
dormi,slept
ordinateur,computer
in,in
angeles,angeles
accepté,accepted
désormais,From now on
acteur,actor
membres,members
trouvée,found
pete,pete
surpris,surprised
miracle,miracle
vole,stolen
manquer,miss
franchement,Frankly
apprécie,appreciate
cigarette,cigarette
chemise,shirt
mark,mark
tente,tent
faisant,doing
billet,ticket
reculez,step back
moyens,means
importante,important
unité,unit
champagne,Champagne
pensait,thought
www,www
partager,share
smith,smith
minuit,midnight
américaine,American
courses,races
puissance,power
william,William
nombreux,many
réparer,fix
caché,hidden
haute,high
sommeil,sleep
essence,essence
riches,rich
lac,lake
maire,mayor
mode,fashion
vingt,twenty
reviendra,will come back
pousse,grows
amusant,amusing
passez,pass
services,services
doc,doc
rues,streets
of,of
risques,risks
émission,emission
leçon,lesson
annonce,announcement
plans,plans
usine,factory
louis,louis
imaginer,imagine
chauffeur,driver
marque,brand
parc,park
épée,sword
fesses,buttocks
échange,exchange
souvenirs,memories
créer,create
senti,felt
signer,sign
artiste,artist
jeté,thrown away
réveiller,wake
hiver,winter
également,also
hum,hum
souffle,breath
vrais,true
arbres,trees
saute,jumped up
fuir,flee
meme,even
battu,beaten
permission,permission
casser,to break
chicago,Chicago
allemands,German
utilisé,used
mentir,lie
souci,worry
é,e
coûte,cost
paye,paid
tres,very
offert,Free
sir,sir
no,no
chair,flesh
caisse,box
supplie,begs
dégagez,get out
raconté,tell
andy,andy
lunettes,glasses
chouette,owl
menteur,liar
trouvera,will find
semblant,pretend
ignorais,I didn't know
perdue,lost
whisky,whiskey
rentrez,come back
premiers,first
pantalon,pants
menace,threat
racontes,tell
douche,shower
oiseaux,birds
finie,finished
auront,will have
débarrasser,rid
membre,member
perte,loss
verrez,see
front,forehead
lèvres,lips
mai,may
fac,college
allo,Hello
connaissais,knew
gouverneur,governor
monnaie,cash
chou,cabbage
achète,bought
thomas,thomas
secrétaire,secretary
montré,watch
jones,jones
écris,write
parlent,talk
chaise,chair
herbe,grass
créé,created
manteau,coat
chocolat,chocolate
pause,break
côte,side
abandonner,give up
policier,police officer
patient,patient
dave,dave
études,studies
ballon,ball 
mène,led
respire,breathe
mouvement,movement
suicide,suicide
japonais,Japanese
accès,access
tienne,hold on
laisserai,will let
poupée,doll
innocent,innocent
allés,went
identité,identify
véritable,true
simon,Simon
devenue,become
totalement,totally
piège,trap
gloire,glory
pourraient,could
abri,shelter
explique,explain
rapidement,quickly
fonctionne,works
boy,boy
foule,crowd
pensées,thoughts
maisons,houses
fantôme,ghost
source,source
lancer,throw
suit,follows
changement,change
choc,shock
veste,jacket
attaquer,tackle
faveur,favor
oreille,ear
touchez,touch
malheureusement,Unfortunately
soudain,suddenly
tués,You are
bref,Short
malheur,misfortune
portable,portable
chaleur,heat
mensonge,lie
répondez,answer
heureusement,Fortunately
emploi,job
lois,laws
nettoyer,to clean
attrape,caught
geste,gesture
verrai,will see
notes,notes
plat,flat
etait,was
corde,rope
sacrée,sacred
cherches,looking for
siècle,century
etat,state
distance,distance
refusé,denied
mars,March
saison,season
bel,beautiful
monté,mounted
idiote,idiot
recherches,research
alerte,alert
ennuie,bored
christ,Christ
remonte,traced back
plaisante,joke
city,city
bat,beat
images,pictures
voulaient,wanted
titres,securities
alice,alice
couverture,blanket
moments,moments
big,big
mesure,measure
atteindre,reach
singe,monkey
pistolet,gun
frontière,border
réel,real
réfléchi,thoughtful
somme,sum
agents,agents
ours,bear
prisonniers,prisoners
évidemment,obviously
afrique,Africa
allemand,German
dan,dan
couche,layer
relations,relationships
texas,Texas
delà,of the
celles,those
navire,ship
deviens,become
bite,cock
laisses,leashes
dirige,directed
partenaire,partner
aube,dawn
demi,half
affreux,awful
camarade,comrade
street,street
inquiéter,worry
tableau,painting 
fatiguée,tired
entreprise,business
demandes,requests
nana,chick
re,D
coincé,stuck
tenu,tenuous
viré,fired
suspect,suspicious
reconnais,recognize
ressens,feel
juif,Jewish
directement,directly
mexique,Mexico
cherché,look for
marine,Marine
prisonnier,prisoner
finit,ends
howard,howard
étoile,star
jean,Jeans
convaincre,convince
filer,spin
kevin,kevin
bosse,bump
pousser,push
protection,protection
signé,sign
crier,shout
rêvé,dream
respirer,breathe
propriétaire,owner
prêtre,priest
donnes,data
taire,to hush up
permettre,allow
prudent,careful
carl,carl
commis,clerk
chaîne,chain
copains,friends
sec,dry
cauchemar,nightmare
laver,wash
hollywood,Hollywood
jeff,jeff
réfléchis,think
trompe,deceived
hais,hate
immeuble,building
supporter,support
soi,self
bagages,luggage
tir,shot
traverser,to cross
commissaire,commissioner
mac,mac
donnerai,will give
reviendrai,will come back
larmes,tears
déranger,to disturb
Arthur,Arthur
pigé,caught
réserve,reserve
adam,Adam
volant,flying
uniforme,uniform
st,st
croient,believe
différents,different
souffrir,suffer
maudit,damn
valise,suitcase
prendrai,will take
assurance,insurance
abandonné,abandoned
dames,ladies
lendemain,the following day
navré,sorry
prennent,take
sénateur,senator
roule,rolled
montagnes,mountains
lapin,rabbit
juifs,Jews
amuse,amused
espérais,hoped
fleur,flower
merveilleuse,wonderful
tournée,tour
scott,scott
information,information
foyer,hearth
tourné,turned
personnage,character
permettez,allow
amitié,friendship
hâte,haste
opinion,opinion
curieux,curious
concert,concert
enfance,childhood
extraordinaire,extraordinary
davantage,any further
saviez,knew
chargé,charge
porc,pork
recommence,start again
chèque,check
piano,piano
jouez,play
océan,ocean
ayant,having
go,go
pattes,paws
ravie,delighted
trace,trace
réveillé,wake up
miles,miles
soupe,soup
sucre,sugar
écoutes,listens
vierge,virgin
mauvaises,bad
objet,object
adorable,adorable
chine,China
sonne,rings
envoyez,send
réputation,reputation
kate,kate
sport,sport
brave,brave
lieux,places
brûle,burns
russes,Russian
murs,walls
second,second
etes,are
facilement,easily
troupes,troops
titrage,titration
canon,cannon
bague,ring
bâtiment,building
seraient,would be
cellule,cell
Susan,Susan
survivre,survive
trouverai,will find
printemps,spring
voisins,neighbors
nuits,nights
chances,odds
contrôler,control
compliqué,complicated
voyais,saw
retirer,withdraw
ancienne,Ancient
théorie,theory
avancez,move forward
studio,studio
exploser,explode
explosion,blast
fiancée,fiancee
évident,obvious
gardé,guard
accusé,accused
Annie,Annie
témoins,witnesses
désir,desire
humanité,humanity
amen,Amen
magie,magic
restera,will stay
palais,palace
cirque,circus
cinglé,crazy
conduis,drive
sales,dirty
traces,traces
station,station
construire,build
joey,joey
siège,seat
Kelly,Kelly
semblait,seemed
vivants,living
voient,see
représente,represented
sombre,dark
lourd,heavy
lá,there
familles,families
égal,equal
surveille,monitors
terme,term
gêne,embarrassed
poule,chicken
pére,father
devraient,should
soif,thirsty
haine,hate
Rachel,Rachael
Jason,Jason
surveiller,to watch
ted,ted
marin,marine
procureur,prosecutor
traité,treaty
vivent,live
chansons,songs
souvenez,remember
entière,whole
résultat,result
préparé,prepared
top,top
enchantée,Nice to meet you
gardien,guardian
traite,treaty
avancer,move forward
commun,common
pêche,fishing
tien,yours
posé,laid
libérer,release
gamins,kids
taule,jail
retournez,return
médicaments,drugs
matériel,material
crâne,skull
région,region
débile,stupid
science,science
délicieux,delicious
privée,private
créature,creature
ho,ho
ed,ed
king,king
liquide,liquid
réglé,ruler
gay,gay
apprend,learn
quant,as to
péché,fishing
répéter,repeat
auprès,with
tâche,stain
devine,guess
mener,carry out
vente,sale
plu,enjoyed
joueur,player
modèle,model
aurons,will have
up,up
mensonges,lies
fermez,close
traiter,to treat
secteur,sector
soyons,let's be
barre,rod
appelée,called
projets,projects
roman,novel
veille,day before
étudier,to study
tenue,outfit
physique,physical
passait,passed
concours,competition
jaune,YELLOW
inconnu,unknown
victor,Victor
vision,vision
black,black
lentement,slowly
surface,surface
dick,dick
com,com
matt,Matt
kilomètres,kilometers
baise,fuck
x,x
sers,serve
abandonne,abandoned
vivante,alive
spéciale,special
prof,teacher
poissons,Pisces
bosser,work
cherchais,was looking for
my,my
empire,empire
cigarettes,cigarettes
amies,friends
aventure,adventure
responsabilité,responsibility
sauve,Safe
devrions,should
lucy,Lucy
atteint,reached
infirmière,nurse
humeur,mood
descendez,go down
résultats,results
tenté,tent
baisse,drop
mn,min
rare,rare
empreintes,fingerprints
proches,relatives
sauvage,savage
virer,fire
fumée,smoke
lisa,Lisa
engagé,engaged
romantique,romantic
cloche,Bell
brian,brian
magique,Magic
chers,Dear
comité,committee
choisis,choose
voila,There
jaloux,jealous
divorce,divorce
lord,lord
données,data
détective,detective
rouges,red
fred,Fred
ambulance,ambulance
rentrée,back to school
port,port
anne,anne
roy,roy
cochon,pig
enfuir,escape
devra,must
francisco,francisco
ménage,household
roger,Roger
particulier,particular
journaliste,journalist
croix,cross
pareille,similar
royaume,kingdom
disparaître,disappear
jus,juice
comte,county
sainte,holy
soucis,worries
allemagne,Germany
patience,patience
fallu,necessary
net,net
suivez,follow
panique,panic
q,q
morceaux,parts
construit,built
crédit,credit
rater,miss
normale,normal
attendait,was waiting
bye,bye
fromage,cheese
embrasse,kiss
complet,complete
bouffe,food
boutique,shop
seriez,would be
recommencer,restart
scénario,scenario
jeudi,THURSDAY
endroits,locations
brûler,burn
nommé,appointed
mardi,Tuesday
hall,lobby
réalisé,accomplished
terry,terry
passion,passion
enlevé,removed
profond,deep
télévision,television
abruti,jerk
réussir,succeed
répond,answers
red,red
emmené,taken away
cadeaux,gifts
remonter,go back up
accompagner,to accompany
johnson,Johnson
différente,different
tromper,deceive
pot,jar
lien,link
serpent,snake
imaginez,imagine
excusez,excuse
trompé,deceived
cadavre,corpse
bouton,button
cancer,cancer
descend,goes down
centaines,hundreds
poussière,dust
piscine,pool
entraînement,training
terminée,finished
tapis,carpet
esprits,spirits
phil,phil
inviter,invite
œuvre,artwork
imagination,imagination
chut,shh
park,park
existence,existence
empereur,emperor
décide,decided
eric,eric
ascenseur,elevator
criminel,criminal
révolution,revolution
principal,main
terres,land
charmante,charming
promesse,promise
période,period
craint,fears
croyait,believed
courrier,mail
récemment,recently
écran,screen
anciens,old
cris,screams
passes,passes
combattre,combat
réveille,wake up
feront,will do
élevé,pupil
têtes,heads
souffre,suffer
quiconque,anyone
malheureux,unfortunate
césar,Caesar
arrives,arrive
empêche,stop
brisé,broken
garage,garage
russie,Russia
Jackson,Jackson
bêtes,beasts
tenter,to attempt
excellente,excellent
passent,pass
ferez,will do
pub,pub
logique,logic
version,version
permet,allow
parte,leaves
temple,temple
section,section
rythme,pace
propriété,property
étrangers,foreigners
finis,finished
erreurs,errors
feriez,would do
propose,propose
examen,exam
nation,nation
approchez,approach
différentes,different
traduction,translation
reconnu,recognized
cap,cape
meurtres,murders
courageux,brave
profiter,enjoy
juré,sworn
miel,Honey
poil,hair 
rapports,reports
chic,chic
fonds,funds
aimerait,would like
sable,sand
lutte,struggle
fière,proud
is,is
japon,Japan
douze,twelve
labo,lab
ya,ya
agence,agency
cependant,However
indiens,Indian
donnera,will give
restent,remain
ceinture,belt
seins,breasts
étonnant,amazing
uns,some
nourrir,to feed
inventé,invented
sérieuse,serious
ment,is lying
pratique,practical
invite,guest
potes,friends
meurtrier,murderer
vegas,vegas
idéal,ideal
maîtresse,mistress
central,central
fume,smoke
équipage,crew
brillant,bright
trouvent,find
crie,calls out
laura,Laura
commission,commission
nager,swim
boit,drinks
bombes,bombs
figure,figure
revolver,revolver
crème,cream
rat,rat
tempête,storm
refaire,redo
née,born
supporte,supports
crever,die
conduite,conduct
lci,here
brown,brown
pure,pure
traitement,treatment
porté,door
voyait,saw
cabine,cabin
fuite,leak
nationale,national
estomac,stomach
machines,machines
julie,julie
couloir,corridor
emily,Emily
ouah,Wow
bijoux,jewelry
lâcher,let go
acteurs,actors
sentez,feel
couleurs,colors
naturel,natural
travaillait,was working
Wilson,Wilson
incendie,fire
camarades,comrades
chute,fall
accompagne,accompanied
passés,past
médecins,doctors
revenue,income
peinture,paint
reconnaître,recognize
dollar,dollar
coupez,cut
prénom,first name
puce,chip
pur,pure
prier,pray
actions,actions
voisin,neighbor
officiers,officers
prévenu,warned
chaude,hot
bains,baths
démon,demon
pierres,stones
miroir,mirror
forcément,necessarily
lumières,lights
actrice,actress
jouait,played
vérifie,checked
comportement,behavior
avoue,confess
aient,have
buvez,drink
calmer,calm
amy,Amy
technique,technical
nôtres,ours
obtenu,got
autrefois,formerly
parlera,talk to
Ryan,Ryan
boss,boss
parier,to bet
correct,correct
septembre,september
libres,free
affronter,confront
doué,gifted
appellent,call
repose,rests
conditions,terms
parfum,scent
protège,protected
tasse,cup
pensée,thought
salaire,salary
bagnole,car
infos,info
jolies,pretty
récompense,reward
kim,kim
essayons,let's try
ordinaire,ordinary
jeunesse,youth
musée,museum
bébés,babies
chuck,chuck
plaisantes,pleasant
absence,absence
aiors,aiors
échappé,escaped
fausse,false
jury,jury
étudiants,students
approcher,approach
espagne,Spain
aprés,After
blonde,blonde hair
condition,condition
race,breed
vend,sell
absurde,absurd
masque,mask
appellerai,will call
pardonner,forgive
pouvoirs,powers
laissée,left
annoncer,announce
origine,origin
el,el
apprends,learn
poitrine,chest
tape,type
remis,handed over
couvert,covered
large,wide
prenons,let's take
pressé,press
nu,naked
loup,wolf
urgent,urgent
attente,waiting
bêtises,foolery
appels,calls
mystère,mystery
travailles,work
vélo,bike
vends,sell
armé,armed
réaction,reaction
flotte,fleet
bleue,blue
foot,football
foutez,fuck
virus,virus
oeufs,eggs
élève,pupil
daniel,Daniel
êtres,beings
vengeance,revenge
stan,stan
essayais,tried
minable,shabby
cérémonie,ceremony
gordon,gordon
uniquement,uniquely
salauds,bastards
alan,Alan
froide,cold
helen,Helen
portée,scope
disque,disk
attaqué,attack
résoudre,solve
moche,ugly
scientifique,scientist
colle,glue
lady,lady
maximum,maximum
déclaration,statement
installer,install
blessés,wounded
effort,effort
iras,will go
commandement,commandment
panne,breakdown
visiter,to visit
disiez,said
venais,came
pointe,point
moque,mocks
chambres,bedrooms
convaincu,convinced
raisonnable,reasonable
aiiez,had
rencontrés,met
qualité,quality
aimée,loved
irait,would go
épousé,marry
attitude,attitude
joseph,joseph
esclave,slave
milliards,billion
guide,guide
oeuvre,artwork
humour,humor
bible,Bible
boule,ball 
sacs,bags
avocats,lawyers
yo,yo
meurent,die
connaissait,knew
union,union
ex,ex
sally,sally
blesser,hurt
taylor,taylor
maggie,maggie
perdus,lost
malades,sick
jungle,jungle
jugement,judgement
essai,essay
écrivain,writer
digne,worthy
survécu,survived
julia,julia
vérifié,checked
linda,linda
brûlé,burned
noble,noble
sauté,jumped up
gâcher,spoil
inquiet,worried
enterrement,funeral
prenne,take
site,site
engager,engage
rayon,Ray
traîner,hang out
rang,rank
traître,traitor
berlin,Berlin
parlant,speaking
orange,orange
jenny,Jenny
voudras,will want
sentais,Smelt
bourse,sotck exchange 
élèves,students
manques,shortages
faisaient,were doing
partage,sharing
légende,legend
cave,cellar
voleurs,thieves
fruits,fruits
préviens,warn
connaissent,know
venant,from
policiers,police officers
paire,pair
pommes,apples
meilleures,best
cassette,cassette
sommet,summit
remplacer,replace
objets,objects
idiots,idiots
cage,cage
saurais,would know
limite,limit
ailes,wings
explication,explanation
ô,oh
bond,jump
floride,Florida
travaillez,work
carter,carter
conseiller,advise
portait,wore
condamné,sentenced
voyant,seeing
recule,steps back
bénisse,bless
associé,partner
auteur,author
écouté,listen
sorcière,witch
edward,edward
livrer,deliver
plainte,complaint
réellement,really
albert,albert
adulte,adult
pile,stack
communauté,community
mandat,mandate
éducation,education
ramené,brings back
réponses,answers
bagarre,fight
escalier,stairs
naturellement,naturally
désire,longed for
lignes,lines
incident,incident
kilos,kilos
rats,rats
quinze,fifteen
parties,parts
véhicule,vehicle
wayne,wayne
chasser,chase
bottes,boots
objectif,objective
patients,patients
suivante,next
respecte,respect
attrapé,caught
junior,junior
colline,hill
professionnel,professional
devoirs,homework
conseils,advice
effets,effects
fichu,damn
blessure,injury
messages,posts
baby,baby
crimes,crimes
moscou,Moscow
villes,cities
voudra,will want
moto,motorbike
domaine,domain
organisation,organization
aimable,kind
forts,strong
eue,had
exercice,exercise
voyager,to travel
arrestation,arrest
fasses,do
pizza,pizza
barbe,beard
french,French
dossiers,files
tunnel,tunnel
voudrez,will want
arrivait,was coming
roses,roses
amiral,admiral
cabinet,office
mére,mother
poursuivre,pursue
forcé,strength
huile,oil
grosses,big
ranger,tidy
furieux,furious
vivait,lived
aidera,will help
géant,giant
tim,tim
tours,towers
retire,took of
vote,vote
autorisation,authorisation
risqué,risk
hitler,Hitler
rond,round
show,show
territoire,territory
venger,revenge
exprès,on purpose
tuerai,will kill
anges,angels
classique,classic
soutien,support
rentres,come back
tokyo,tokyo
proposition,proposal
love,love
tests,tests
pétrole,oil
réaliser,realize
sortira,will come out
soirs,evenings
ministère,ministry
magazine,magazine
verres,glasses
échec,failure
vieilles,old
pourrions,could
bol,bowl
plaire,to please
miller,miller
respecter,respect
cons,idiots
golf,golf
bibliothèque,library
attirer,attract
drapeau,flag
possède,possesses
production,production
conférence,conference
efforts,efforts
pere,father
putains,whores
précieux,precious
religion,religion
rêver,dream
épreuve,test
retenir,retain
football,soccer
Frankie,Frankie
échoué,failed
pisser,piss
Barry,Barry
sortes,kinds
circonstances,circumstances
kong,Kong
mignonne,cute
excellence,Excellency
auto,car
do,do
vague,wave
arrêtes,stop
nôtre,OUR
vallée,valley
Morgan,Morgan
enterré,buried
tandis,while
duc,duke
pêre,father
assassiné,murdered
ooo,ooo
charme,charm
quart,quarter
arrangé,arranged
guitare,guitar
remplir,fill
Sophie,Sophie
crève,die
Jesse,Jesse
Bruce,Bruce
Sara,Sarah
refuser,refuse
donnent,give
Luke,Luke
taper,type
critique,critical
secrète,secret
terminer,to end
hauteur,height
comédie,comedy
cimetière,graveyard
baisé,fucked
cardiaque,cardiac
Catherine,Catherine
chiffres,numbers
fêter,to celebrate
trouverez,will find
indien,Indian
altesse,highness
occupée,busy
intelligente,intelligent
culture,culture
deviner,guess
géniale,awesome
limites,boundaries
Nancy,Nancy
précis,accurate
éternité,eternity
ball,ball
plateau,plateau
prises,taken
viendrai,will come
rempli,completed
clairement,clearly
intérêts,interests
langage,language
aides,helpers
feux,lights
Betty,Betty
copie,copy
profondément,deeply
fâché,angry
incapable,unable
mercredi,Wednesday
souffrance,suffering
avouer,to confess to
mile,mile
posez,pose
lion,lion
ali,ali
soigner,cure
fenêtres,Windows
pue,stinks
électrique,electric
italien,Italian
traversé,crossed
réception,reception
énerve,irritated
rentrons,let's go back
couvrir,cover
fonce,dark
Harvey,Harvey
Kyle,Kyle
produits,products
loyer,rent
grace,grace
bleus,blue
assistant,assistant
cervelle,brain
trente,thirty
yeah,yeah
saches,know
national,national
avenue,avenue
evidemment,obviously
reçois,receive
cité,quoted
liaison,connection
prouve,prove
collier,necklace
aprês,After
séance,session
placard,closet
criminels,criminals
irais,would go
riz,rice
sandwich,sandwich
boston,Boston
parlerai,will speak
places,places
stade,stadium
gagnant,winner
moral,moral
tendre,tender
fleuve,river
mêre,mother
stanley,stanley
trouvait,found
auparavant,previously
personnellement,personally
fièvre,fever
champs,fields
tuera,will kill
chatte,cat
actes,actions
restait,remained
amant,lover
concernant,concerning
las,the ace
ferons,will do
cherchent,they search
tenait,held
exécution,execution
ann,ann
lou,lou
pédé,faggot
prière,pray
hélas,Alas
sortent,go out
bateaux,boats
allaient,were going
durer,last
assise,seated
alarme,alarm
commencez,start
furent,were
prenait,taking
brad,brad
entièrement,entirely
médecine,medicine
juillet,July
sortis,out
sensible,sensitive
poudre,powder
finale,final
plais,pleases
durs,hard
discussion,discussion
séparer,to separate
esclaves,slaves
instructions,instructions
beurre,butter
documents,documents
taré,tare
rick,rick
détail,detail
baron,baron
mettent,put
congrès,Congress
épaule,shoulder
poison,poison
final,final
métro,Metro
attendrai,will wait
serment,oath
chan,chan
pardonne,forgiven
espagnol,Spanish
supérieur,superior
w,w
degrés,degrees
rires,laughter
west,west
parker,Parker
tuez,kill
œufs,eggs
fiancé,fiance
nerfs,nerves
portefeuille,wallet
robot,robot
internet,Internet
expert,expert
hank,hank
surveillance,monitoring
foutue,fucked up
rita,rita
réalisateur,director
entraîner,train
martha,Martha
descendu,descended
patrick,Patrick
comté,county
congé,leave
finira,will end
caméras,cameras
sauce,sauce
balance,balance
destruction,destruction
moderne,modern
Carlos,Carlos
extrêmement,extremely
âmes,souls
expression,expression
marchera,will walk
commerce,trade
ivre,drunk
salopard,bastard
appétit,appetite
dette,debt
all,all
promener,to take a walk
employés,employees
admettre,admit
producteur,producer
attendons,let's wait
quittez,leave
brise,broken
wow,wow
juin,June
chats,cats
remets,put back
ajouter,add
couler,to flow
Pasteur,Pastor
alliez,were going
portrait,portrait
heu,uh
by,by
lancé,spear
diamants,diamonds
donnée,given
avantage,advantage
fidèle,faithful
juger,judge
renseignements,information
gang,gang
loué,rented
réseau,network
ouverture,opening
travaux,works
poussé,pushed
division,division
invitation,invitation
repartir,to share out
trous,holes
rappelez,remind
totale,total
solide,solid
réservé,reserve
Willie,Willie
autorité,authority
fermée,closed
munitions,ammunition
neveu,nephew
diras,will say
téléphoner,call
briser,to break
siècles,centuries
nerveuse,nervous
bonbons,candy
blé,wheat
pourri,rotten
puits,well
fantômes,ghosts
termine,finished
monstres,monsters
écraser,crush
espérons,hope
bétail,cattle
miens,mine
changera,will change
adultes,adults
restée,remained
total,total
fierté,pride
pari,bet
sein,breast
cessez,stop
Elizabeth,Elizabeth
exige,required
étudiant,student
Jackie,Jackie
démarre,started
lâchez,let go
Marty,Marty
passons,let's move on
vic,vic
semblez,seem
gérer,manage
électricité,electricity
invitée,guest
injuste,unfair
désirez,desire
lampe,lamp
normalement,Normally
causer,cause
dalle,slab
mondiale,worldwide
comptez,count
rouler,to roll
filmer,film
rapporte,reports
sourd,deaf
trouveras,will find
alliance,alliance
convient,agrees
rage,rage
habitants,residents
Mamie,Granny
nuages,clouds
hmm,Hmm
trahi,betrayed
biens,goods
Lewis,Lewis
tournage,filming
créatures,creatures
militaires,military
blessures,injuries
barbara,barbara
Louise,Louise
règlement,regulation
grant,grant
étudié,studied
courez,run
habiller,dress
soeurs,sisters
soins,care
célibataire,Single
veuve,widow
Canada,Canada
dépêche,dispatch
progrès,progress
dégoûtant,disgusting
fan,fan
matière,matter
avril,april
molly,molly
cercle,circle
Davis,Davis
nucléaire,nuclear
pervers,pervert
échelle,ladder
adorer,love
trouvais,found
orchestre,orchestra
déposer,deposit
cadavres,corpses
échappe,escape
emprunter,borrow
exprimer,express
caractère,character
libéré,released
signes,signs
fêtes,holidays
vedette,featured
lisez,read
commençons,let's start
robin,robin
généreux,generous
méchants,bad guys
formation,training
bâton,stick
timide,shy
gentils,friendly
premières,firsts
passagers,passengers
immense,immense
serviette,towel
mangez,eat
diriger,direct
passant,passing
Ruth,Ruth
min,min
préférée,favorite
perdez,lose
plaque,plate
espion,spy
connue,known
eaux,waters
deviennent,become
emporter,take away
Gary,Gary
cruel,cruel
citoyens,citizens
von,von
tension,tension
ranch,ranch
Karen,Karen
business,business
your,your
organiser,organize
étonne,surprised
terroristes,terrorists
that,that
micro,microphone
ordure,junk
léger,light
température,temperature
unités,units
populaire,popular
joueurs,players
beth,beth
vincent,Vincent
voies,ways
regardais,looked
saloperie,slut
traverse,crosses
intelligence,intelligence
expériences,experiences
Miami,Miami
opérations,operations
santa,santa
arrange,arrange
dragon,dragon
sûrs,safe
enterrer,bury
pouviez,could
craindre,to fear
mortel,deadly
issue,issue
demeure,remains
mouche,fly 
donna,donna
octobre,october
commandé,order
passeport,passport
dés,of the
couronne,crown
oublierai,will forget
accusation,charge
procédure,procedure
rendez,go
objection,objection
retourné,return
relax,Relax
publique,public
appart,apartment
imagines,imagine
jouent,are playing
inde,India
travaillent,working
essaies,try
Lincoln,Lincoln
psy,psychologist
Vince,Vince
manuel,manual
étranges,strange
apres,After
nombreuses,many
crainte,fear
fit,fit
asile,asylum
cherchait,was looking for
branche,branch
groupes,groups
white,white
hop,hop
tradition,tradition
sel,salt
centrale,central
déçu,disappointed
tentative,attempt
négatif,negative
autorités,authorities
buter,abut
connerie,bullshit
proposé,propose
manières,manners
plaindre,complain
employé,employee
blessée,injured
influence,influence
forcer,force
bonté,goodness
Marcus,Marcus
CIA,CIA
sauvages,wild
personnelle,personal
couvre,covers
coucou,cuckoo
audience,hearing
out,out
savaient,knew
entretien,interview
bouffer,eat
ouai,yeah
impressionnant,impressive
acier,steel
renvoyer,send back
salade,salad
collègues,colleagues
chefs,chefs
guérir,heal
entendue,heard
sœurs,sisters
êtait,was
semblent,seem
participer,participate
coule,flows
dépasse,exceeds
réunis,reunited
plairait,would please
enlevez,remove
trompes,tubes
résister,resist
technologie,technology
patrie,country
conséquences,consequences
Margaret,Margaret
cousine,cousin
habits,clothes
splendide,splendid
Ross,Ross
pipe,pipe
abattu,beaten down
cran,notch
nue,naked
tuyau,pipe 
accueillir,to welcome
découverte,discovery
arracher,to tear out
régime,diet
reçoit,receives
album,album
levez,get up
piqué,dived
original,original
remise,discount
allume,alight
promotion,promotion
juan,juan
examiner,examine
franc,franc
filé,spun
éteint,extinct
canapé,couch
commander,order
dessin,drawing
guère,hardly
interroger,question
oscar,Oscar
paraître,appear
découvre,discover
département,department
vise,aims
obéir,obey
renforts,reinforcements
lily,Lily
événements,events
innocents,innocent
ç,vs
organisé,organized
sain,healthy
devras,will have to
reprends,resume
goutte,drop
cole,cole
souffert,suffered
excitant,exciting
façons,manners
saurai,will know
charlotte,charlotte
sou,penny
réveil,awakening
ken,ken
benny,benny
usa,USA
volée,stolen
préférerais,would prefer
suprême,supreme
tarte,pie
changent,change
revienne,come back
solitaire,lonely
cravate,tie
rocky,rocky
vérifiez,check
ose,dare
souper,supper
événement,event
remarque,REMARK
chevalier,knight
suffisamment,enough
charger,load
produire,produce
repris,taken back
record,record
carol,carol
williams,williams
jo,jo
préparez,prepare
garce,bitch
mêle,mixes
étape,stage
motel,motel
pro,pro
autorisé,allowed
principale,main
clinique,clinical
devenus,become
italie,Italy
intéressante,interesting
jonathan,Jonathan
abattre,fell
ère,time
invisible,invisible
dégâts,damage
clark,clark
élever,raise
suggère,suggests
rigole,laugh
dent,tooth
éclater,to burst
tabac,tobacco
disques,discs
manquait,missing
contacter,contact
valait,was worth
fusils,guns
émotions,emotions
queje,that I
publicité,advertisement
simples,simple
éléments,elements
exception,exception
sincère,sincere
rattraper,catch up
efficace,effective
éteindre,turn off
linge,laundry
goûter,to taste
nathan,nathan
possibilité,possibility
canard,duck
marqué,brand
caporal,corporal
déplacer,move
devrez,will have to
morale,moral
insiste,insists
katie,Katie
parking,car park
identifier,identify
pouvaient,could
personnages,characters
cabane,hut
intéressé,interested
stylo,pen
adoré,loved
attaché,attached
cri,shout
kg,kg
angle,corner
séparés,separated
traîne,dragged
instinct,instinct
déclaré,declared
sire,sire
pleut,rain
séjour,stay
ordures,garbage
Raymond,Raymond
délire,delirium
pires,worst
rumeurs,rumors
fauteuil,armchair
coûté,cost
adjoint,assistant
Stephen,Stephen
collègue,colleague
one,one
poches,pockets
novembre,november
illégal,illegal
restons,let's stay
bonhomme,fellow
appuie,supports
difficiles,difficult
laissera,will leave
courte,short
lâ,there
tuent,kill
lot,batch
levé,survey
seules,alone
vivez,live
personnalité,personality
leo,Leo
scandale,scandal
conclu,concluded
frigo,fridge
admire,admire
aïe,Ouch
tragédie,tragedy
oblige,obliged
commandes,orders
pénis,penis
boue,mud
dettes,debts
enseigne,taught
obscurité,darkness
pages,pages
chapitre,chapter
violent,violent
signature,signature
conseille,advises
vendeur,seller
visages,faces
rarement,rarely
essayait,was trying
serré,tight
mères,mothers
tels,such
halte,stop
collection,collection
désastre,disaster
noix,nut
mourra,will die
rejoins,join
reconnaissance,acknowledgement
blagues,jokes
duke,duke
méthode,method
bienvenu,welcome
donnait,gave
gratuit,free
boîtes,boxes
marches,steps
Brooklyn,Brooklyn
valises,suitcases
enfermé,shut in
gants,gloves
rompu,broken
coïncidence,coincidence
vilain,naughty
poing,fist
britannique,British
dispute,dispute
trahison,treason
téléphoné,phone
août,august
feuilles,leaves
quatrième,fourth
révérend,reverend
censée,supposed
devaient,were to
placé,place
ténèbres,darkness
enfui,ran away
impliqué,implied
vire,fired
pilules,pills
préfères,prefer
for,for
population,population
manges,eat
pleuré,cry
chasseur,hunter
livraison,delivery
reprend,resumes
emporte,take away
louer,to rent out
mette,put
bizarres,weird
torture,torture
remarquable,outstanding
termes,terms
journalistes,journalists
honnêtement,honestly
câble,cable
longs,long
estime,estimated
démons,demons
impôts,taxes
massacre,massacre
pomme,apple
autoroute,highway
sociale,social
moyenne,average
ingénieur,engineer
doug,Doug
péchés,sins
laissent,let
tarder,delay
divine,Divine
éloigner,remove
clan,clan
obligée,obliged
xena,xena
merveille,wonder
concentrer,focus
venons,let's come
opéra,opera
oxygène,oxygen
sexuel,sexual
industrie,industry
aimerai,would like
z,z
sortons,let's go out
accent,accent
lawrence,lawrence
gris,gray
sean,sean
mesures,measures
batterie,battery
toast,toast
postes,positions
communication,communication
manche,sleeve
grandir,to grow
banques,banks
tonnes,tons
gentleman,gentleman
zut,Damn
numéros,numbers
officiel,official
chariot,cart
otages,hostages
prime,prime
poésie,poetry
annuler,Cancel
jersey,Jersey
chagrin,grief
ellen,Ellen
déconne,mess around
fabuleux,fabulous
dennis,dennis
complexe,complex
trafic,traffic
trouille,funk
us,us
débrouiller,sort out
commencent,begin
cinquante,fifty
vraies,true
discute,discuss
communiste,Communist
francs,francs
sacrifice,sacrifice
française,French
foie,liver
statue,statue
résistance,resistance
mettra,will put
volontiers,gladly
drogues,drugs
cercueil,coffin
pendu,hanged
ignorer,ignore
tireur,shooter
eut,had
piquer,sting
creuser,dig
médaille,medal
crée,creates
équipement,equipment
phase,phase
chaos,chaos
salue,greet
survie,survival
défi,challenge
trouvés,found
rencontrée,met
boum,boom
longues,long
telles,such
arriverai,will arrive
gâché,spoils
harris,Harris
brigade,brigade
fiers,proud
ennuyeux,boring
cieux,heavens
contient,contains
aile,wing
oignons,onions
vaches,cows
sensation,sensation
chanceux,lucky
angela,angela
gamine,kid
cooper,cooper
cessé,stopped
tina,tina
ressemblait,looked like
plante,plant
scènes,scenes
solitude,solitude
activité,activity
mobile,mobile
principe,principle
rejoint,joined
économie,economy
armés,armed
plastique,plastic
regardent,look
chant,singing
verte,green
couru,ran
regardait,looked
ford,Ford
besoins,needs
terroriste,terrorist
assister,to assist
bail,lease
roue,wheel
putes,whores
sachez,know
harold,Harold
amenez,bring
génération,generation
causé,cause
entraîneur,coach
rigoles,laughs
amanda,amanda
présenté,present
trompez,deceive
mordu,bitten
vampire,vampire
jacques,jacques
fans,fans
bourré,stuffed
éliminer,eliminate
enfoirés,bastards
freddy,freddy
bloc,block
pourvu,provided
décisions,decisions
eve,Eve
jacob,jacob
symbole,symbol
croirait,would believe
sagesse,wisdom
politiques,policies
taux,rate
nègre,Negro
jetez,throw away
malédiction,curse
masse,mass
phrase,sentence
pompes,pumps
reconnaissant,grateful
pension,pension
renoncer,give up
sexuelle,sexual
regardant,looking
ordonne,ordered
four,oven
règne,reign
saut,leap
terreur,terror
avaler,swallow
ongles,nails
pratiquement,practically
laissons,let's leave
jalouse,jealous
outils,tools
espérer,hope
tueurs,killers
terriblement,terribly
charité,charity
prêtes,ready
écriture,writing
oublies,forget
adorent,love
etje,and I
luxe,luxury
irez,will go
ambassadeur,ambassador
bush,bush
arrêtera,will stop
informer,inform
orage,thunderstorm
revenus,income
pisse,piss
renvoyé,returned
sachant,knowing
tombes,fallen down
rois,kings
époux,husband
accueil,welcome
relève,relieving
judy,Judy
aidez,help
môme,kid
diego,diego
atmosphère,atmosphere
routes,roads
ravissante,lovely
coach,coach
ennui,boredom
suffisant,sufficient
poème,poem
jouets,toys
jennifer,jennifer
usage,use
prières,prayers
revue,review
adaptation,adaptation
suffira,will suffice
collège,college
singes,monkeys
otage,hostage
apprécier,appreciate
diplôme,diploma
bâtard,bastard
destination,destination
analyse,analysis
caroline,caroline
demandent,ask
décembre,December
côtes,ribs
casier,locker
fermes,farms
patrouille,patrol
royal,royal
tit,tit
mérites,merits
texte,text
jusque,until
tigre,tiger
çà,That
be,be
médical,medical
ieur,ieur
svp,please
ron,ron
pouce,thumb
plaisantez,joke
requin,shark
essentiel,essential
espèces,species
fruit,fruit
came,cam
cesser,cease
allen,Allen
teddy,teddy
annulé,canceled
dangereuse,dangerous
poète,poet
nanas,babes
tiendra,will hold
emmenez,take
passerai,will pass
automne,autumn
habillé,dressed
guerrier,warrior
pique,spades
savon,soap
satisfait,satisfied
sépare,separated
agi,acted
ordonné,ordered
serre,tight
neil,Neil
cassée,broken
deviez,had to
arts,arts
ramasser,pick up
anthony,anthony
baisser,lower
pirates,pirates
avertir,warn
menacé,threat
so,so
détendre,loosen
rembourser,repay
fabrique,made
métal,metal
expliqué,explain
lecture,reading
josh,Josh
attire,attracted
carrément,downright
irons,will go
mere,mother
combats,fights
pensons,let's think
mélange,blend
travaillais,worked
syndicat,union
queique,queique
indice,hint
marines,marines
enverrai,will send
hill,hill
processus,process
joint,seal
ouvriers,workers
marques,brands
dépassé,exceeds
pa,pa
ailles,wings
bats,beat
pourront,will be able to
clown,clown
poubelle,garbage can
marins,sailors
boisson,beverage
vaincre,defeat
combinaison,combination
demandait,asked
testament,will
sonné,stunned
flammes,flames
dégueulasse,disgusting
ø,ø
administration,administration
commissariat,police station
envoyée,sent
green,green
dépose,deposit
lâché,coward
réveillée,awake
épaules,shoulders
jay,jay
artistes,artists
culotte,cheeky
vides,empty
er,er
énormément,enormously
team,team
quittes,left
accuse,accused
magicien,Wizard
importants,important
direz,you will say
fouiller,rummage
paierai,will pay
écoles,schools
cm,cm
reverra,will see again
articles,items
trône,throne
laboratoire,laboratory
Andrew,Andrew
panier,basket
endormi,asleep
lave,wash
buddy,buddy
cuir,leather
huh,huh
foutus,fucked up
resterai,will stay
cendres,ashes
stone,stone
environnement,environment
rumeur,rumor
interrompre,interrupt
vaudrait,would be worth
matinée,morning
risquer,risk
tranquilles,quiet
earl,earl
transformer,transform
planté,plant
costumes,costumes
mickey,Mickey
machin,thing
transport,transportation
señor,senor
indique,noted
citoyen,citizen
aurions,would have
times,times
viol,rape
particulièrement,particularly
pourrons,will be able to
shirt,shirt
connards,assholes
casino,casino
douter,doubt
pendre,hang
essaierai,will try
accomplir,accomplish
pipi,pee
allumer,to light up
reviennent,come back
certes,certainly
dessert,dessert
curiosité,curiosity
fraîche,fresh
lié,related
maurice,mauritius
little,little
disaient,said
vodka,vodka
pétrin,kneader
témoignage,testimony
déclare,declared
scientifiques,scientists
coco,coconut
baissez,lower
Anderson,Anderson
censés,supposed
Kansas,Kansas
boules,balls
sauras,will know
éclair,flash
vain,vain
nuage,cloud
création,creation
anneau,ring
fumier,manure
rio,rio
dose,dose
profonde,deep
étude,study
atelier,workshop
cuisiner,cook
vaux,worth
malheureuse,unhappy
catholique,Catholic
zoo,zoo
précisément,precisely
talents,talents
activités,activities
importantes,important
bouteilles,bottles
vomir,to vomit
tonnerre,thunder
ned,ned
assuré,insured
plantes,plants
hong,hong
destinée,destiny
plaisanterie,joke
circuit,circuit
piges,freelancers
Moore,Moore
observer,observe
mines,mining
peindre,to paint
porno,porn
comtesse,countess
casque,helmet
rate,missed
coûter,cost
chacune,each
Jamie,Jamie
parent,parent
dépression,depression
télégramme,telegram
élu,elected
stupides,stupid
pensiez,thought
partant,leaving
cash,cash
profite,take advantage
caution,bail
serrer,to squeeze
maudite,cursed
intéresser,to interest
écart,gap
inquiètes,worried
oú,Or
évidence,evidence
leçons,lessons
connus,known
etc,etc
retiré,took of
Greg,Greg
rendent,make
volontaire,voluntary
nid,nest
Oliver,Oliver
he,Hey
prêter,lend
nichons,tits
capitale,capital city
témoigner,bear witness
équipes,teams
égoïste,self-centered
partent,leave
troupe,troop
sincèrement,sincerely
regretter,to regret
responsabilités,responsibilities
associés,associates
cigare,cigar
dean,dean
partirai,will leave
adversaire,opponent
générale,general
misère,misery
vampires,vampires
grève,strike
Nina,Nina
suisse,Swiss
gâteaux,cakes
diamant,diamond
catastrophe,disaster
meubles,furniture
gus,gus
voyages,travel
subir,undergo
balade,ride
allah,Allah
mêler,mix
signez,sign
enveloppe,envelope
ressenti,feeling
führer,fuhrer
gras,fat
arrêtée,stopped
explose,explodes
range,tidy
interview,interview
tombent,fall
confier,entrust
voile,veil
fiches,sheets
embête,bother
caravane,caravan
affection,affection
Manhattan,Manhattan
éléphant,elephant
blue,blue
vagues,waves
pleins,full
fascinant,fascinating
doutais,doubted
effrayant,scary
commercial,commercial
rapporter,report
fonction,function
fixe,fixed
arrete,stopped
pères,fathers
circulation,traffic
tennis,tennis
Marc,Mark
navrée,sorry
civilisation,civilization
fameux,famous
retenu,retained
moutons,sheep
draps,sheets
servent,serve
jouais,was playing
éternelle,eternal
couches,layers
satellite,satellite
ramasse,picked up
endormir,fall asleep
fillette,little girl
rendra,will make
sujets,topics
remède,remedy
portez,wear
enseigner,teach
observe,observed
ouverts,open
vues,views
sortait,was going out
passais,I was passing
ris,laugh
transfert,transfer
bidon,can
météo,weather report
explosé,exploded
loyauté,loyalty
dignité,dignity
planche,plank
améliorer,improve
hélicoptère,helicopter
civil,civil
liens,connections
vif,lively
maintenir,maintain
Craig,Craig
Vietnam,Vietnam
Claude,Claude
pacifique,peaceful
fringues,clothes
demie,half
onze,eleven
we,we
mangent,eat
connaissiez,knew
rares,rare
naturelle,natural
sue,sue
ricky,ricky
assaut,assault
fâchée,angry
portent,carry
kay,kay
karl,Karl
pareils,the same
légal,legal
tracy,tracy
eus,had
pr,pr
civils,civilians
inconnue,unknown
eva,eva
disparition,disappearance
nicky,nicky
steven,steven
pompe,pump
méchante,evil
lancement,launch
quartiers,neighborhoods
douceur,candy
tendu,tense
feuille,leaf
stuart,stuart
leader,leader
pilotes,pilots
ètait,was
mâle,male
tenais,held on
royale,royal
cordes,ropes
arrivez,arrive
bandes,bands
promenade,ride
magnifiques,magnificent
emma,emma
wallace,wallace
veronica,veronica
tv,TV
adn,dna
monseigneur,My lord
meure,die
airs,tunes
emmenée,taken away
actuellement,Currently
peste,plague
Antonio,Antonio
tragique,tragic
médias,media
antenne,antenna
avertissement,warning
brille,shines
Pedro,Peter
conflit,conflict
pompiers,firefighters
engin,machine
douée,gifted
oublions,let's forget
plains,plains
systèmes,systems
foire,fair
Sonny,Sonny
patiente,patient
coincée,stuck
canons,cannons
partira,will leave
soutenir,sustain
beach,beach
poussez,PUSH
saigne,bleeds
toc,knock
construction,construction
boucher,butcher
missiles,missiles
compétition,competition
buvons,let's drink
motif,pattern
ambassade,embassy
warren,warren
régiment,regiment
remarquer,to remark
enregistré,checked in
collins,collins
enregistrement,registration
doutes,doubts
sien,his
profit,profit
sammy,sammy
audition,hearing
lame,blade
opportunité,opportunity
scotch,Scotch
imaginé,conceived
coke,coke
existent,exist
budget,budget
pearl,pearl
basse,low
selle,saddle
déja,Already
historique,historical
officiellement,officially
effacer,to erase
loge,lodge
francis,francis
décrire,describe
osé,dared
éternel,eternal
serpents,snakes
demanderai,will ask
médicament,medicine
deviné,guess
armées,armies
promesses,promises
chaînes,chains
sentait,felt
association,association
viennes,come
quai,dock
poker,poker
saleté,dirt
sandy,sandy
ã,has
irak,Iraq
commences,start
crevé,flattened
cuba,Cuba
wendy,wendy
profil,profile
travis,travis
tache,stain
viendront,will come
étudie,studied
apportez,bring
tribu,tribe
crié,calls out
entraîne,leads
héroïne,heroin
changements,changes
joan,joan
correctement,correctly
essaient,try
mouvements,movements
atterrir,to land
formes,shapes
coca,Coca
fragile,fragile
poignée,handle
cadre,frame
genou,knee
conçu,designed
revu,reviewed
légitime,legitimate
sauvée,saved
déménager,to relocate
conne,cunt
dentiste,dentist
aiier,aiier
ondes,waves
ralph,ralph
mené,led
discipline,discipline
évacuer,clear out
parié,bet
bières,beers
arabe,Arab
Russell,Russell
identifié,identified
recevez,receive
cachée,hidden
évite,avoid
dormais,was sleeping
utilisez,use
décès,death
guy,guy
get,get
demoiselle,lady
fui,fled
ressemblent,look alike
misérable,miserable
fatigue,fatigue
ancêtres,ancestors
camions,trucks
dormez,sleep
pan,bang
duré,hard
disponible,available
vôtres,yours
cuit,cooked
marchait,walked
nage,swimming
come,come
suspects,suspects
menottes,handcuffs
nique,fuck
panneau,sign
rit,laughs
pognon,money
illusion,illusion
menu,menu
Ronnie,Ronnie
établir,establish
mettons,let's put
retrouvée,found
sabre,saber
André,Andrew
épuisé,exhausted
restés,remains
continues,continuous
chanteur,singer
kid,kid
lola,lola
prés,close
tendance,tendency
souvient,remembers
enfermer,lock up
thérapie,therapy
vaisselle,dishes
tournez,turn
accorde,granted
chemins,paths
troupeau,herd
saluer,greet
uh,uh
Kennedy,Kennedy
nettoie,cleans
assiette,plate
discuté,discussed
touches,keys
impact,impact
dessins,drawings
rompre,to break up
suivent,follow
sienne,his
verrons,we'll see
angoisse,anguish
états,states
vivons,live
Mitchell,Mitchell
écrasé,crushed
tiennent,hold
pape,Pope
connaissons,know
Murphy,Murphy
Ivan,Ivan
supposé,Assumed
colonne,column
assistante,assistant
mettrai,will put
maquillage,makeup
ticket,ticket
réussite,success
quête,quest
boxe,boxing
proposer,to propose
boutons,buttons
arriverait,would happen
assassins,assassins
répétition,repetition
agissait,acted
culpabilité,guilt
pirate,pirate
blanches,white
brésil,Brazil
penny,penny
maîtres,masters
psychiatre,psychiatrist
miracles,miracles
hello,Hello
honorable,honorable
collines,Hills
vachement,really
taureau,bull
considère,considered
âne,donkey
whoa,whoa
comprennent,understand
Christian,Christian
Justin,Justin
méthodes,methods
canal,channel
navette,shuttle
Tyler,Tyler
légère,light
sortant,outgoing
chaussettes,socks
revanche,revenge
remet,hands over
mentez,lie
bud,bud
Abby,Abby
poils,fur
placer,to place
absent,absent
arrivais,arrived
escaliers,stairs
funérailles,funeral
routine,routine
noté,note
prenais,took
conducteur,driver
subi,suffered
photographe,photographer
noires,black
marchandise,merchandise
prendrais,would take
émotion,emotion
défaut,default
satan,Satan
occuperai,will occupy
dog,dog
mystérieux,mysterious
carmen,carmen
possession,possession
responsables,responsible
raccroche,hang up
intentions,intentions
minimum,minimum
négocier,negotiate
janvier,January
baraque,shack
batte,bat
irlandais,Irish
filet,net
confortable,comfortable
fermés,closed
ressources,resources
rayons,rays
innocente,innocent
Harvard,Harvard
expédition,shipping
may,may
profession,occupation
plaira,will please
bêtise,stupidity
restant,remaining
jugé,judge
Mitch,Mitch
organise,organized
rappelé,recalled
puissante,powerful
pertes,losses
saurait,would know
planque,hideout
ressentir,to feel
grotte,cave
gentiment,kindly
péter,to fart
chienne,female dog
tristesse,sadness
héritage,legacy
occupera,will occupy
Benjamin,Benjamin
Antoine,Anthony
bloqué,blocked
punition,punishment
constamment,constantly
contents,happy
visites,visits
infiniment,infinitely
effectivement,Effectively
chiffre,figure
conscient,aware
manager,manager
représentant,representative
anglaise,English
cauchemars,nightmares
Jan,Jan
continué,keep on going
réduit,reduced
gré,free will
filmé,filmed
stars,stars
Owen,Owen
embrassé,kissed
peint,painted
reparti,left again
soie,silk
Lloyd,Lloyd
voisine,neighbor
douzaine,dozen
frankenstein,frankenstein
attaques,attacks
gênant,embarrassing
superman,superman
arrivant,arriving
brillante,brilliant
atterrissage,landing
attendra,will wait
allure,allure
pénible,hard
faibles,weak
clef,key
Bruno,Bruno
Christine,Christina
Rebecca,Rebecca
bang,bang
pété,farted
gardiens,guardians
formule,formula
soda,soda
frites,fries
fées,fairies
angel,angel
mm,mm
aperçu,preview
imaginais,imagined
aussitôt,right away
énormes,huge
wade,wade
choisit,chooses
montée,climb
baignoire,bathtub
principes,principles
homo,homo
marchand,merchant
cochons,pigs
spécialiste,specialist
repéré,spotted
récupéré,recovered
extra,extra
éclate,bursts
survivants,survivors
auquel,to which
apparence,appearance
sucer,suck
habiter,live
excité,excited
Houston,Houston
jules,jules
foudre,lightning
chasseurs,hunters
walker,walker
with,with
nièce,niece
urgences,EMERGENCIES
mérité,deserved
dépensé,spent
boys,boys
saisir,to input
équilibre,balance
allumé,alight
lâches,cowards
bruits,noises
protégé,protected
résolu,resolved
probable,likely
poursuite,pursuit
baker,baker
résidence,residence
cognac,cognac
Clyde,Clyde
muscles,muscles
passées,past
intime,respondent
république,Republic
serviteur,servant
noyer,walnut
mortes,dead
trompée,deceived
morgue,morgue
cherchons,are looking for
coma,coma
capables,capable
berger,shepherd
apprendra,will learn
amateur,amateur
dises,say
vertu,virtue
permets,allow
mafia,mafia
engagement,commitment
lesquelles,which
cachette,hiding place